confirmation_step,detail_amplitude,detail_amplitude_error,detail_component_relative_mse,elapsed_seconds,ever_sustained,final_three_pass,first_crossing_step,gain,gradient_probe_seconds,gradient_rounding_cosine,gradient_rounding_mse,gradient_zeroed_fraction,initial_calibration_seconds,mode,reselection_seconds,seed,selection_seconds,step,target,total_gradient_cosine,total_gradient_mse,training_loss,training_seconds,validation_mse,weight_rounding_gradient_cosine,weight_rounding_output_mse
3000,0.009954974986612797,4.5025013387203425e-05,0.003440172509692075,12.643386000068858,True,True,2000,1.0,0.01581866736523807,0.9999999999999974,0.0,0.0,0.0,fp32,0.0,10,0.0,20000,detail,0.9999999999999974,0.0,1.442732298073679e-07,12.309762563323602,1.8500080045669165e-07,0.9999999999999974,0.0
9500,0.009410789236426353,0.0005892107635736468,0.01736237980101344,54.951417334144935,True,True,8500,1.0,0.015712963650003076,0.9999138530391489,1.0402228795589306e-13,0.036149351292463106,0.0,fixed-e3m4,0.0,10,0.0,20000,detail,0.19499904442212757,3.267349411811165e-08,2.5937370082829148e-06,54.260597380343825,2.1957853277854156e-06,0.19468030775556164,3.112071499344893e-05
12000,0.011980632320046425,0.0019806323200464247,0.24081611996996796,55.43952575000003,True,True,11000,1.0,0.016395829850807786,0.9996696582115115,9.40782649034066e-13,0.0,0.0,fixed-e4m3,0.0,10,0.0,20000,detail,0.04158649267865548,9.66890836706371e-08,5.305243576003704e-06,54.72134761931375,5.792395677417517e-05,0.040344661271707535,0.00018872525834012777
10000,0.008399829268455505,0.0016001707315444948,0.09223944503171408,57.82814966700971,True,True,9000,1.0,0.020989456214010715,0.9986533375950758,8.538228320372517e-12,0.0,0.0,fixed-e5m2,0.0,10,0.0,20000,detail,-0.4217852287577271,5.590632445607846e-07,1.165618232334964e-05,57.06595360999927,6.586510153283598e-06,-0.4244497928623827,0.0006282624672167003
9500,0.009674791246652603,0.00032520875334739706,0.11544741602709971,55.336781040998176,True,True,8500,1.0,0.016322250943630934,0.9985403994876736,8.456338693203658e-12,0.0,0.0,fixed-hybrid,0.0,10,0.0,20000,detail,-0.07340967758456908,3.8068280482545044e-07,1.0716213182604406e-05,54.616068930132315,7.032690973574063e-06,-0.07686241163738382,0.000306682224618271
11000,0.009357539005577564,0.000642460994422436,0.014465752654943197,55.38266429095529,True,True,10000,1.0,0.015548837604001164,0.9999202276814465,1.2015921411400506e-13,0.03258393582252154,0.013704458950087428,calibrated,0.0,10,0.013704458950087428,20000,detail,0.15608346854566477,2.2796295440149307e-07,2.8203573947394034e-06,54.68951304652728,1.142288510891376e-06,0.1571671618620456,0.00016161357052624226
8500,0.010023374110460281,2.3374110460281164e-05,0.010378044969172483,62.79551375005394,True,True,7500,1.0,0.017523666378110647,0.9999135844617244,1.0843490303030432e-13,0.04763791225116371,0.013704458950087428,adaptive,1.066689598141238,10,1.0803940570913255,20000,detail,0.5580087703770176,2.8107702392314642e-08,1.8471014300303068e-06,62.033550885971636,4.589882337313611e-06,0.5575367112614112,3.663999086711556e-05
3000,0.010008471086621284,8.471086621284277e-06,0.0018218682085267533,13.39913387503475,True,True,2000,1.0,0.016661416739225388,0.9999999999999959,0.0,0.0,0.0,fp32,0.0,11,0.0,20000,detail,0.9999999999999959,0.0,8.605817924944859e-08,13.055647880071774,9.58524850602771e-08,0.9999999999999959,0.0
8000,0.010786041617393494,0.0007860416173934934,0.019565433525331657,56.8316253751982,True,True,7000,1.0,0.016420331317931414,0.999912610981912,1.804257448611145e-13,0.05219372090720016,0.0,fixed-e3m4,0.0,11,0.0,20000,detail,0.12424427258888693,2.4921452359568835e-08,1.8698435724218143e-06,56.10795322316699,1.7542707837492344e-06,0.12434344820175304,3.9838119846535847e-05
7000,0.010026401840150356,2.6401840150356085e-05,0.013718905128631532,55.033517125062644,True,True,6000,1.0,0.015870542265474796,0.9996851794738174,1.40130618245226e-12,0.00019807863721897593,0.0,fixed-e4m3,0.0,11,0.0,20000,detail,0.44200677561995355,5.0650512353094874e-08,3.76373691324261e-06,54.32816366292536,3.5888103866454912e-06,0.4404534152821776,0.00011573389929253608
8500,0.010056973434984684,5.697343498468378e-05,0.17520053593521245,55.35582962515764,True,False,7500,1.0,0.015925291692838073,0.9988118295452033,1.3524074360468506e-11,0.0,0.0,fixed-e5m2,0.0,11,0.0,20000,detail,-0.03905069250783284,1.82701670443628e-07,2.280328953929711e-05,54.67147122393362,1.4146135981718544e-05,-0.03864242486407714,0.0003173664154019207
8500,0.00989291351288557,0.00010708648711442968,0.01166464048377918,58.58237962517887,True,True,7500,1.0,0.016896043671295047,0.998798265257957,1.6422522861896368e-12,0.0,0.0,fixed-hybrid,0.0,11,0.0,20000,detail,-0.37729020405068503,7.348928090794719e-08,1.2445557331375312e-06,57.81959587940946,6.889827545819571e-06,-0.37890442945428615,0.00013686082093045115
6500,0.010166805237531662,0.00016680523753166178,0.04603084037289429,62.74826274998486,True,True,5500,1.0,0.018177580321207643,0.9999211090965713,2.5752829483458124e-13,0.06249381004258691,0.012654250022023916,calibrated,0.0,11,0.012654250022023916,20000,detail,-0.2934057873389362,2.493995284819072e-08,3.4513286664150655e-06,61.95690990751609,4.879089829046279e-06,-0.29414842737350994,4.123943654121831e-05
7000,0.010564745403826237,0.0005647454038262365,0.012805853408533902,56.787906624842435,True,True,6000,1.0,0.015524207148700953,0.999904136195903,1.156692944085538e-13,0.04734079429533525,0.012654250022023916,adaptive,0.9988909177482128,11,1.0115451677702367,20000,detail,0.019186724638960227,5.720391737566583e-09,1.3923959159001242e-06,56.079323668032885,2.07905418392329e-06,0.01849244427775121,1.9560928194550797e-05
3500,0.010060207918286324,6.020791828632334e-05,0.0027241983033933644,13.357982291141525,True,True,2500,1.0,0.016009001526981592,0.9999999999999969,0.0,0.0,0.0,fp32,0.0,12,0.0,20000,detail,0.9999999999999969,0.0,1.3327272085916775e-07,13.017541530774906,1.6100334221391677e-07,0.9999999999999969,0.0
5500,0.010115858167409897,0.00011585816740989664,0.02349080236635264,55.630603458033875,True,True,4500,1.0,0.015602999599650502,0.99992311904693,1.3531647113323614e-13,0.04090323858571853,0.0,fixed-e3m4,0.0,12,0.0,20000,detail,0.33330310703321797,1.9058208915434866e-08,2.3060929379425943e-06,54.93970380187966,1.7697170733299572e-06,0.33484266701190063,4.80355229228735e-05
9000,0.009942185133695602,5.781486630439779e-05,0.03497143262460739,55.72045679204166,True,True,8000,1.0,0.01581112458370626,0.9996978575936081,1.0090473806033777e-12,0.00039615727443795186,0.0,fixed-e4m3,0.0,12,0.0,20000,detail,-0.6559821108526299,8.867187632161533e-08,3.3805099519668147e-06,54.99307928723283,1.0395143362984527e-05,-0.6548387562132757,7.67280362197198e-05
9500,0.010672352276742458,0.0006723522767424581,0.1823680394455883,55.166181875159964,True,True,8500,1.0,0.01582062942907214,0.9985057710279014,1.0365781329997942e-11,0.0,0.0,fixed-e5m2,0.0,12,0.0,20000,detail,-0.027183228522694194,3.5965550930847303e-07,1.6523732483619824e-05,54.45906164776534,1.5975561836967245e-05,-0.027313014712354887,0.0003621287760324776
10000,0.009826230816543102,0.00017376918345689794,0.10660782355890543,54.91076387488283,True,True,9000,1.0,0.01573674683459103,0.9985200646395113,8.84814294307139e-12,0.0,0.0,fixed-hybrid,0.0,12,0.0,20000,detail,-0.7581100633719579,2.529159979692602e-07,3.799019850703189e-06,54.2480575509835,9.73770693235565e-06,-0.7579402603804852,0.00021527243370655924
8500,0.009721326641738415,0.00027867335826158544,0.014350674370546485,62.51270370790735,True,True,7500,1.0,0.01830437104217708,0.9999248128914784,6.468203093110607e-14,0.032782014459740515,0.013329875189810991,calibrated,0.0,12,0.013329875189810991,20000,detail,-0.14105972006266573,2.4385148783369283e-08,1.330386112385895e-06,61.68973905243911,1.5587629604851827e-06,-0.1404624972664753,4.4215463276486844e-05
5000,0.009440083056688309,0.0005599169433116915,0.05777048926360432,60.33193049998954,True,True,4000,1.0,0.01651233364827931,0.9999138587116435,1.1120793957270226e-13,0.060116866395959194,0.013329875189810991,adaptive,1.0495796625036746,12,1.0629095376934856,20000,detail,-0.30123036586572993,4.5598403616921176e-08,1.3299088550411398e-06,59.569605058059096,2.9226839615148492e-06,-0.30365169680106224,4.335414632805623e-05
3500,0.009975417517125607,2.458248287439367e-05,0.0032109952824943637,12.96509616705589,True,True,2500,1.0,0.015569672686979175,0.9999999999999972,0.0,0.0,0.0,fp32,0.0,13,0.0,20000,detail,0.9999999999999972,0.0,1.307585364429542e-07,12.637811294523999,1.7560472542754724e-07,0.9999999999999972,0.0
7500,0.010453127324581146,0.00045312732458114603,0.013440242236412242,58.719399749999866,True,True,6500,1.0,0.016702750697731972,0.9999143767393147,1.71178946436756e-13,0.04219074972764188,0.0,fixed-e3m4,0.0,13,0.0,20000,detail,-0.712808060593735,7.29083733332377e-08,2.283431513205869e-06,57.96053628693335,1.738679770824092e-06,-0.7114197297021475,5.586719998973422e-05
8500,0.009223490953445435,0.0007765090465545656,0.04440436089580628,58.532862207852304,True,True,7500,1.0,0.017435580492019653,0.999606638827845,1.762993400601728e-12,0.00019807863721897593,0.0,fixed-e4m3,0.0,13,0.0,20000,detail,-0.26699154107879036,2.1949510506686616e-08,5.790599971078336e-06,57.77638833853416,5.0044031922880094e-06,-0.26678061768893163,6.73234389978461e-05
17000,0.009578118100762367,0.00042188189923763296,0.10855936821350581,62.551773875020444,True,True,16000,1.0,0.018432004377245903,0.9986728595772474,2.696456067366903e-11,0.0,0.0,fixed-e5m2,0.0,13,0.0,20000,detail,-0.702906530951412,1.402267533401182e-07,2.373758252360858e-05,61.73902369174175,1.3303459127200767e-05,-0.7005915337358234,0.00014316130545921624
6500,0.008711421862244606,0.0012885781377553942,0.052256577749804585,57.05416141706519,True,True,5500,1.0,0.016970875207334757,0.9988762263159924,5.102421002185375e-12,0.0,0.0,fixed-hybrid,0.0,13,0.0,20000,detail,0.16917744052025718,9.400726058359168e-08,4.925911980535602e-06,56.324245371855795,6.9623947638319805e-06,0.16870038571214047,0.00010691324132494628
7500,0.010453127324581146,0.00045312732458114603,0.013440242236412242,58.3915626660455,True,True,6500,1.0,0.016136748483404517,0.9999143767393147,1.71178946436756e-13,0.04219074972764188,0.006393082905560732,calibrated,0.0,13,0.006393082905560732,20000,detail,-0.712808060593735,7.29083733332377e-08,2.283431513205869e-06,57.66319482936524,1.738679770824092e-06,-0.7114197297021475,5.586719998973422e-05
7500,0.010453127324581146,0.00045312732458114603,0.013440242236412242,58.10226424993016,True,True,6500,1.0,0.01625270559452474,0.9999143767393147,1.71178946436756e-13,0.04219074972764188,0.006393082905560732,adaptive,1.0141230237204581,13,1.0205161066260189,20000,detail,-0.7221475900799319,1.1254615379044999e-07,2.283431513205869e-06,57.3851027644705,1.738679770824092e-06,-0.7208601001944045,7.549842848675326e-05
3500,0.009965728037059307,3.427196294069311e-05,0.003777975802267352,12.64267325005494,True,True,2500,1.0,0.01535424729809165,0.9999999999999976,0.0,0.0,0.0,fp32,0.0,14,0.0,20000,detail,0.9999999999999976,0.0,1.92275564359079e-07,12.318675865419209,2.005627663947962e-07,0.9999999999999976,0.0
8500,0.010188991203904152,0.0001889912039041517,0.018872514496767957,63.40366641595028,True,True,7500,1.0,0.018701707012951374,0.9999122491925633,2.7298916075142647e-13,0.034861840150539766,0.0,fixed-e3m4,0.0,14,0.0,20000,detail,-0.0014053632499404416,1.6921170190669645e-08,2.0126933577557793e-06,62.59345754957758,1.5738251022412442e-06,-0.0018680413007497816,4.48380560555961e-05
5000,0.0100511210039258,5.1121003925800115e-05,0.03114200305971423,56.33167054201476,True,True,4000,1.0,0.01636554184369743,0.9996469838909383,1.100008674155329e-12,9.903931860948797e-05,0.0,fixed-e4m3,0.0,14,0.0,20000,detail,-0.2865298116225088,1.2354243217667695e-07,3.604281118896324e-06,55.599886065814644,2.6832838102563983e-06,-0.28684314018981055,0.00010617115185596049
10500,0.009897829964756966,0.00010217003524303457,0.10001032226654752,57.15678216703236,True,False,9500,1.0,0.01659062854014337,0.9984440912934508,1.0514106305461051e-11,0.0,0.0,fixed-e5m2,0.0,14,0.0,20000,detail,-0.032385766174172465,1.337032654784841e-06,1.3563549146056175e-05,56.410867707571015,1.3706714526051655e-05,-0.041570515626873535,0.0008990892674773932
7500,0.011135523207485676,0.0011355232074856756,0.049162069614470345,56.19158170791343,True,True,6500,1.0,0.01603566575795412,0.998350763665017,4.949725401799402e-12,0.0,0.0,fixed-hybrid,0.0,14,0.0,20000,detail,-0.3800593797105549,1.6375816954307513e-07,4.487445949052926e-06,55.46960222395137,8.310164048452862e-06,-0.38744307646819504,0.0001082126545952633
7000,0.010139739140868187,0.00013973914086818674,0.010292728822876405,59.17596337501891,True,True,6000,1.0,0.018226332729682326,0.9999004105896808,1.1888360890672672e-13,0.03595127265524413,0.005896375048905611,calibrated,0.0,14,0.005896375048905611,20000,detail,-0.2745172505351003,1.469493723019218e-08,8.524213512828283e-07,58.43535139388405,1.0372754104537307e-06,-0.27436926391813804,3.103682320215739e-05
6500,0.00993662141263485,6.337858736515066e-05,0.01714045869215197,59.115327291889116,True,True,5500,1.0,0.017254288541153073,0.9999090371216283,7.23376232965123e-14,0.042388828364860846,0.005896375048905611,adaptive,1.0174172967672348,14,1.0233136718161404,20000,detail,-0.3049381226584976,2.0770395126655427e-08,1.134352487497381e-06,58.34536359878257,1.1147653822263237e-06,-0.3047784009789375,2.588175266282633e-05
6500,0.009985823184251785,1.417681574821493e-05,0.007044744373973625,13.40026079188101,True,True,5500,4.0,0.01689562341198325,0.9999999999999978,0.0,0.0,0.0,fp32,0.0,10,0.0,20000,detail,0.9999999999999978,0.0,2.601533708457282e-07,13.05251535656862,3.8892989095984376e-07,0.9999999999999978,0.0
8500,0.009921707212924957,7.829278707504293e-05,0.020410186978138553,58.02683029184118,True,True,7500,4.0,0.01616741460748017,0.9999287710584946,9.325524846060718e-14,0.045657125878973956,0.0,fixed-e3m4,0.0,10,0.0,20000,detail,-0.4764089707668252,3.6470730651400374e-08,2.2708686628902797e-06,57.2921341212932,2.385171683272347e-06,-0.4748923242655577,2.6189985874225385e-05
10000,0.009627268649637699,0.0003727313503623011,0.09132885469995186,57.88864954095334,True,True,9000,4.0,0.017176292138174176,0.9996121148852022,7.093591229683164e-13,0.0008913538674853917,0.0,fixed-e4m3,0.0,10,0.0,20000,detail,0.4686448627971622,9.56551281052633e-08,5.888139639864676e-06,57.14441993669607,8.186238119378686e-06,0.47346100922815837,5.968515688437037e-05
14500,0.009587795473635197,0.0004122045263648035,0.13462016058638368,55.985827250173315,True,True,13500,4.0,0.016935830004513264,0.9988205086249337,2.111512792558724e-11,0.0,0.0,fixed-e5m2,0.0,10,0.0,20000,detail,0.8637270346370663,9.060129793729977e-07,1.5852034266572446e-05,55.26061781309545,1.672015969234053e-05,0.8651249778666819,0.0003499194572214037
10000,0.009540875442326069,0.00045912455767393133,0.02863969836663026,56.944605000084266,True,True,9000,4.0,0.016809544060379267,0.9988904650787952,2.6930256662610935e-12,0.0,0.0,fixed-hybrid,0.0,10,0.0,20000,detail,0.8162008392837681,4.131085620021412e-08,2.7083249278803123e-06,56.20473025809042,3.295229589639348e-06,0.8155980086153973,6.839309207862243e-05
10500,0.009817716665565968,0.00018228333443403265,0.03071235646757867,63.38325879210606,True,True,9500,4.0,0.018621623516082764,0.9999137491845911,1.4869786062706255e-13,0.04496385064870754,0.005750500131398439,calibrated,0.0,10,0.005750500131398439,20000,detail,0.3593145564023671,6.543653389641659e-08,1.8215062027593376e-06,62.60212233103812,2.007442162721418e-06,0.35860581225834987,4.81282731925603e-05
8000,0.010113094002008438,0.0001130940020084379,0.025026547095189488,57.917500332929194,True,True,7000,4.0,0.016335536260157824,0.9999229182428653,3.7107013748089127e-13,0.05219372090720016,0.005750500131398439,adaptive,1.0064783827401698,10,1.0122288828715682,20000,detail,0.34879029330162253,4.345554240786511e-08,2.551768375269603e-06,57.19677693396807,4.3906761675316375e-06,0.3484893369955015,2.430323183943983e-05
6000,0.009964130818843842,3.5869181156158655e-05,0.0057065485088599105,13.925539457937703,True,True,5000,4.0,0.016164002707228065,0.9999999999999983,0.0,0.0,0.0,fp32,0.0,11,0.0,20000,detail,0.9999999999999983,0.0,3.480333816696657e-07,13.580010589910671,3.259365541907755e-07,0.9999999999999983,0.0
11000,0.01022422406822443,0.00022422406822442988,0.048229992602400094,72.18632220919244,True,True,10000,4.0,0.02186708082444966,0.9999045321298643,3.7595044249438745e-12,0.04050708131128058,0.0,fixed-e3m4,0.0,11,0.0,20000,detail,0.6084275192478145,1.9845931338714614e-08,1.2840673662140034e-05,71.25169820315205,3.6480880680755945e-06,0.6077320154301363,4.642194471671246e-05
10500,0.010418126359581947,0.0004181263595819471,0.030332180861513708,61.2207624160219,True,True,9500,4.0,0.018907833378762007,0.9997096388387151,1.2651996050265097e-12,0.0004951965930474399,0.0,fixed-e4m3,0.0,11,0.0,20000,detail,-0.39011435135455413,2.942840950492672e-07,4.9364048209099565e-06,60.42199410311878,4.205849563732045e-06,-0.3927540820337087,0.0001406600495101884
16500,0.00811363197863102,0.0018863680213689806,0.09198527753525353,72.57314612506889,True,False,15500,4.0,0.020355247892439365,0.9987430417857354,1.4094797473522771e-11,0.0,0.0,fixed-e5m2,0.0,11,0.0,20000,detail,-0.4498874777277581,1.7624130441666209e-07,1.2882896953669842e-05,71.61715533072129,7.553943305538269e-06,-0.45869198378121445,0.0002413805341348052
9500,0.009573560208082199,0.0004264397919178011,0.07150922022840701,68.17977933306247,True,True,8500,4.0,0.020556914852932096,0.9988067486467583,4.998080574542452e-11,0.0,0.0,fixed-hybrid,0.0,11,0.0,20000,detail,-0.8005603140232228,1.7908365610352438e-07,1.45632766361814e-05,67.24821714195423,1.9932558643631637e-05,-0.7979101027649546,0.0001959855726454407
8500,0.009822331368923187,0.00017766863107681295,0.06001978138906374,69.29406879190356,True,True,7500,4.0,0.020555669208988547,0.9998851694377372,3.195197292073898e-13,0.03713974447855799,0.006398082943633199,calibrated,0.0,11,0.006398082943633199,20000,detail,-0.4717616852487673,2.344421942583813e-08,3.506958137222682e-06,68.38016480603255,3.6963394904887537e-06,-0.4712392963129167,2.7800149837275967e-05
13000,0.00971134565770626,0.0002886543422937395,0.060131434749199554,68.57293941592798,True,True,12000,4.0,0.018339961767196655,0.999908251813029,2.615730691019718e-13,0.03476280083193028,0.006398082943633199,adaptive,1.160753122298047,11,1.1671512052416801,20000,detail,-0.11375514841721597,5.104046388960673e-08,5.378738933359273e-06,67.66732552764006,4.764155619341182e-06,-0.11257580319269894,3.990410914411768e-05
7000,0.010000361129641533,3.611296415326898e-07,0.0068552379088708685,14.24346762499772,True,True,6000,4.0,0.01678358274511993,0.9999999999999986,0.0,0.0,0.0,fp32,0.0,12,0.0,20000,detail,0.9999999999999986,0.0,3.021540635472775e-07,13.869157011155039,3.785733611039177e-07,0.9999999999999986,0.0
9500,0.010191105306148529,0.00019110530614852884,0.04988550949836566,67.3824666661676,True,True,8500,4.0,0.01960220537148416,0.9999295042150614,1.5232208771982993e-12,0.03525799742497772,0.0,fixed-e3m4,0.0,12,0.0,20000,detail,0.07252975193372341,1.4057936424629957e-08,6.8831814132863656e-06,66.42443977156654,7.367153557424899e-06,0.0718774041616072,2.261453482788056e-05
12000,0.010301993228495121,0.0003019932284951208,0.04457072781451906,69.00610841694288,True,True,11000,4.0,0.020123746944591403,0.9996672887755966,8.318229895169348e-13,0.0004951965930474399,0.0,fixed-e4m3,0.0,12,0.0,20000,detail,0.11988524287111152,1.0824987990698893e-07,3.375075493750046e-06,68.14139058673754,4.011436885775765e-06,0.12066177477333173,7.360891322605312e-05
10000,0.009183594025671482,0.0008164059743285181,0.09498777983952286,61.441668417071924,True,True,9000,4.0,0.018507039174437523,0.9990129176710587,3.29777222589604e-10,0.0,0.0,fixed-e5m2,0.0,12,0.0,20000,detail,0.9661991498376921,8.514988635244423e-08,8.24932794785127e-05,60.65558746946044,6.8893341449438594e-06,0.9672321106743024,0.00020583023433573544
10500,0.01208304800093174,0.0020830480009317396,0.08942783543931725,71.18360812496394,True,False,9500,4.0,0.020734626334160566,0.9988977023094867,8.989201212156507e-12,0.0,0.0,fixed-hybrid,0.0,12,0.0,20000,detail,0.26175069918354094,3.6254233526980846e-08,1.4932115846022498e-05,70.28678136738017,5.960233465884812e-06,0.26197144622389157,5.201238309382461e-05
9500,0.00968968216329813,0.00031031783670187017,0.02853628780208947,71.69110583304428,True,True,8500,4.0,0.022216961020603776,0.9999493535067229,4.689137285281485e-13,0.04476577201148856,0.0060002917889505625,calibrated,0.0,12,0.0060002917889505625,20000,detail,0.5023750863564067,6.898768472031325e-09,4.376443030196242e-06,70.72444070409983,2.821401722030714e-06,0.5011727924710129,1.3391281754593365e-05
10000,0.010524731129407883,0.0005247311294078825,0.04862709030713049,71.0182915830519,True,True,9000,4.0,0.02038112049922347,0.9998935082765461,2.401785213619971e-13,0.025155986926809943,0.0060002917889505625,adaptive,1.1802038096357137,12,1.1862041014246643,20000,detail,0.6976712670080479,2.431718593146906e-08,1.9498650090099545e-06,70.09753843070939,3.0587352739530616e-06,0.6995766404588947,3.575198570615612e-05
6500,0.010023525916039944,2.3525916039943487e-05,0.008766932106804907,16.91332787484862,True,True,5500,4.0,0.01902716769836843,0.999999999999999,0.0,0.0,0.0,fp32,0.0,13,0.0,20000,detail,0.999999999999999,0.0,4.364711969628843e-07,16.513110934989527,5.685064365934522e-07,0.999999999999999,0.0
8500,0.011615627445280552,0.0016156274452805517,0.06032379927778988,69.15343625005335,True,True,7500,4.0,0.02113987668417394,0.9999176620955789,8.816001450087858e-13,0.04684559770228781,0.0,fixed-e3m4,0.0,13,0.0,20000,detail,0.3446658542332347,7.920605768502946e-08,4.8637284635333344e-06,68.2459177474957,4.644823548005661e-06,0.3457944572801211,4.586758586810902e-05
12500,0.0100396191701293,3.9619170129298956e-05,0.03987833746886059,67.64167012507096,True,True,11500,4.0,0.02043028431944549,0.9996657431234872,3.285621813882654e-12,0.0005942359116569278,0.0,fixed-e4m3,0.0,13,0.0,20000,detail,-0.7463004716026902,6.743900259902846e-07,6.716209554724628e-06,66.72870722971857,7.029914740996901e-06,-0.7494274676498981,0.00030715236789546907
13500,0.009988993406295776,1.1006593704223841e-05,0.06148397878363025,70.29822237486951,True,True,12500,4.0,0.019704875303432345,0.9985586031673508,1.4103365430333e-11,0.0,0.0,fixed-e5m2,0.0,13,0.0,20000,detail,-0.9293184883739379,1.7384075026198988e-07,9.315581337432377e-06,69.38804667582735,7.537901183241047e-06,-0.9324512574863355,0.00011356218601576984
9000,0.0092019597068429,0.0007980402931571009,0.04859657094220978,70.18338229088113,True,True,8000,4.0,0.01995870703831315,0.998873720119535,3.9915996998966225e-12,0.0,0.0,fixed-hybrid,0.0,13,0.0,20000,detail,-0.7613399639796569,1.6099663101679582e-07,6.1391619965434074e-06,69.25348897068761,5.664199761667987e-06,-0.7632619994161303,8.482974953949451e-05
8500,0.011615627445280552,0.0016156274452805517,0.06032379927778988,63.0421348339878,True,True,7500,4.0,0.017785254400223494,0.9999176620955789,8.816001450087858e-13,0.04684559770228781,0.005632667103782296,calibrated,0.0,13,0.005632667103782296,20000,detail,0.3446658542332347,7.920605768502946e-08,4.8637284635333344e-06,62.25103766238317,4.644823548005661e-06,0.3457944572801211,4.586758586810902e-05
9000,0.010591955855488777,0.000591955855488777,0.036847018687842875,68.39293016679585,True,True,8000,4.0,0.019393750932067633,0.9999305309284162,2.684832797591733e-13,0.03981380608101416,0.005632667103782296,adaptive,1.1571218471508473,13,1.1627545142546296,20000,detail,-0.7788717614993902,3.455973604218614e-08,2.371741175011266e-06,67.44827509275638,4.070500835950952e-06,-0.7782564444153618,2.669197419891134e-05
7500,0.009966202080249786,3.379791975021383e-05,0.010132695156483454,12.258685916895047,True,True,6500,4.0,0.015851082978770137,0.9999999999999969,0.0,0.0,0.0,fp32,0.0,14,0.0,20000,detail,0.9999999999999969,0.0,5.191340051169391e-07,11.938004898838699,5.50918343833473e-07,0.9999999999999969,0.0
9500,0.01005576178431511,5.5761784315109045e-05,0.04661115980198234,65.71943125012331,True,True,8500,4.0,0.0211037490516901,0.9999224044648404,1.3759998582536677e-13,0.0213924928196494,0.0,fixed-e3m4,0.0,14,0.0,20000,detail,-0.2875309355826662,1.3143703542401784e-08,3.0152623367030174e-06,64.64269284461625,3.7886386508034775e-06,-0.2860575500389714,1.7315118384431116e-05
10000,0.011419686488807201,0.0014196864888072012,0.11338203915050683,53.5933221669402,True,True,9000,4.0,0.016073791775852442,0.9996493433175564,4.287344291535274e-12,0.00019807863721897593,0.0,fixed-e4m3,0.0,14,0.0,20000,detail,-0.16656081736588724,7.064792741423367e-07,7.90537797001889e-06,52.88740495615639,1.2171519301773515e-05,-0.16959837886200146,0.00016741563740652055
13000,0.009079729206860065,0.0009202707931399347,0.09345112816113604,59.271613041171804,True,True,12000,4.0,0.017475871834903955,0.9990103368688206,1.9555065471403413e-11,0.0,0.0,fixed-e5m2,0.0,14,0.0,20000,detail,-0.08358049694152875,8.30870916414426e-08,6.311393462965498e-06,58.469609796768054,9.515491910860874e-06,-0.0864079605286221,0.00010208579624304548
13000,0.010133150033652782,0.00013315003365278223,0.035529152307251684,53.01364554208703,True,True,12000,4.0,0.016880961135029793,0.9987896370130486,1.2508771716883991e-11,0.0,0.0,fixed-hybrid,0.0,14,0.0,20000,detail,0.6266762419163354,4.608926463514709e-08,7.189289590314729e-06,52.28267235867679,4.957122200721642e-06,0.6289517091812264,7.506798283429816e-05
9500,0.01005576178431511,5.5761784315109045e-05,0.04661115980198234,59.53088125004433,True,True,8500,4.0,0.01705050258897245,0.9999224044648404,1.3759998582536677e-13,0.0213924928196494,0.006132500013336539,calibrated,0.0,14,0.006132500013336539,20000,detail,-0.2875309355826662,1.3143703542401784e-08,3.0152623367030174e-06,58.636885372688994,3.7886386508034775e-06,-0.2860575500389714,1.7315118384431116e-05
11500,0.009809395298361778,0.00019060470163822195,0.03379894753343612,54.66284216707572,True,True,10500,4.0,0.016117497580125928,0.9999258907736809,5.085150306324233e-13,0.034960879469149254,0.006132500013336539,adaptive,0.9540209562983364,14,0.9601534563116729,20000,detail,0.6451257381176584,2.3581445771300454e-08,3.801351795118535e-06,53.91901074978523,4.192086180410115e-06,0.6448701086082863,3.1048017262946814e-05
