bump_region_mse,detail_amplitude,detail_amplitude_error,elapsed_seconds,flat_region_mse,gradient_rounding_cosine,gradient_rounding_mse,gradient_zeroed_fraction,initial_calibration_seconds,mode,outside_bump_mse,reselection_seconds,seed,selection_seconds,step,target,total_gradient_cosine,total_gradient_mse,training_loss,transition_mse,validation_mse,weight_rounding_gradient_cosine,weight_rounding_output_mse
,,,0.002087667118757963,,,,,0.0,fp32,,0.0,0,0.0,0,linear,,,,,0.02506483905017376,,0.0
,,,0.018794875126332045,,0.9999999999999998,0.0,0.0,0.0,fp32,,0.0,0,0.0,20,linear,0.9999999999999998,0.0,0.005318356677889824,,0.0044942921958863735,0.9999999999999998,0.0
,,,0.034867375157773495,,0.9999999999999993,0.0,0.0,0.0,fp32,,0.0,0,0.0,40,linear,0.9999999999999993,0.0,0.0004300825239624828,,0.0003291736647952348,0.9999999999999993,0.0
,,,0.05080895917490125,,0.999999999999999,0.0,0.0,0.0,fp32,,0.0,0,0.0,60,linear,0.999999999999999,0.0,0.00015956677088979632,,0.00017564765585120767,0.999999999999999,0.0
,,,0.06603195914067328,,0.9999999999999979,0.0,0.0,0.0,fp32,,0.0,0,0.0,80,linear,0.9999999999999979,0.0,0.00013749030767939985,,0.00011416244524298236,0.9999999999999979,0.0
,,,0.0814685421064496,,0.9999999999999983,0.0,0.0,0.0,fp32,,0.0,0,0.0,100,linear,0.9999999999999983,0.0,8.416637865593657e-05,,9.670241706771776e-05,0.9999999999999983,0.0
,,,0.0025202918332070112,,,,,0.0,fixed-e4m3,,0.0,0,0.0,0,linear,,,,,0.02696402184665203,,0.00028272633790038526
,,,0.07193712494336069,,0.99953182283217,1.0375078263565512e-08,0.0,0.0,fixed-e4m3,,0.0,0,0.0,20,linear,0.9515619830104466,1.0525428834852646e-06,0.005775555036962032,,0.005007835105061531,0.9501120034468559,0.0001762831670930609
,,,0.1394288339652121,,0.9997831566677926,5.31710783990238e-10,0.0,0.0,fixed-e4m3,,0.0,0,0.0,40,linear,0.8944742524467694,2.7799558776239144e-07,0.0003841234720312059,,0.0003618958289735019,0.8953354694123683,7.346503116423264e-05
,,,0.20703758392482996,,0.9996114335169336,4.907417422624527e-10,0.0,0.0,fixed-e4m3,,0.0,0,0.0,60,linear,-0.03995635689023069,6.550347258428056e-07,0.0005803824169561267,,0.0005617386777885258,-0.04031149760575582,0.0003979671164415777
,,,0.27447116700932384,,0.9996087146791723,2.96167156688639e-10,0.0,0.0,fixed-e4m3,,0.0,0,0.0,80,linear,0.4830961643462416,2.6702197193092036e-07,0.00017811405996326357,,0.00018027139594778419,0.48141060001485614,0.00019276079547125846
,,,0.3413517919834703,,0.9995610291734239,1.1564855691205108e-10,0.0,0.0,fixed-e4m3,,0.0,0,0.0,100,linear,-0.668358280731005,3.1280791437029407e-07,0.00014037730579730123,,0.00015315918426495045,-0.6704818372519518,0.00022788411297369748
,,,0.0024851250927895308,,,,,0.0,fixed-e5m2,,0.0,0,0.0,0,linear,,,,,0.03157657012343407,,0.0006831833743490279
,,,0.07135683414526284,,0.9981130692265938,2.7398924842383433e-08,0.0,0.0,fixed-e5m2,,0.0,0,0.0,20,linear,0.7410965893918117,6.309250614054146e-06,0.004898817744106054,,0.003891336964443326,0.742687578118033,0.0015352391637861729
,,,0.13886037515476346,,0.9989562775439784,1.374096749630595e-09,0.0,0.0,fixed-e5m2,,0.0,0,0.0,40,linear,0.14842047970267222,4.473577759605226e-06,0.0006698684301227331,,0.0005707333912141621,0.1510232441320406,0.0025035319849848747
,,,0.20696470909751952,,0.998270342761479,2.149102447294831e-10,0.0,0.0,fixed-e5m2,,0.0,0,0.0,60,linear,0.0929611330346454,9.685918502738438e-06,0.00015716077177785337,,0.00016478354518767446,0.09774967588286176,0.0026924978010356426
,,,0.27610841719433665,,0.9990096045843114,9.874124822678931e-11,0.0,0.0,fixed-e5m2,,0.0,0,0.0,80,linear,0.5731461783580679,6.040981413956083e-06,0.00013443153875414282,,0.00014015418128110468,0.5765208413800046,0.00229357136413455
,,,0.34770695911720395,,0.9990929732860645,1.9198891319288652e-11,0.0,0.0,fixed-e5m2,,0.0,0,0.0,100,linear,-0.44662244427392866,5.664781097028826e-06,9.558325837133452e-05,,0.0001085060866898857,-0.44230998954047324,0.002560381544753909
,,,0.002415125025436282,,,,,0.0,fixed-hybrid,,0.0,0,0.0,0,linear,,,,,0.02696402184665203,,0.00028272633790038526
,,,0.07760449987836182,,0.9990034299914663,2.1388273907712452e-08,0.0,0.0,fixed-hybrid,,0.0,0,0.0,20,linear,0.9627263890810375,7.91336982921554e-07,0.006024005822837353,,0.005040294025093317,0.9632021368696683,0.00015892866940703243
,,,0.1452760419342667,,0.9981067563425404,1.5726416148240394e-09,0.0,0.0,fixed-hybrid,,0.0,0,0.0,40,linear,0.8058249845647375,3.04558887030013e-07,0.000254860584391281,,0.0003536863368935883,0.810196160164087,0.00018249575805384666
,,,0.21250320901162922,,0.9984756045646919,3.594536777036817e-09,0.0,0.0,fixed-hybrid,,0.0,0,0.0,60,linear,0.747405242202187,8.717096841396492e-07,0.0006335979560390115,,0.0005493470816873014,0.7485969248000913,0.0004256698885001242
,,,0.2803031250368804,,0.9988169607398204,2.356002413681375e-10,0.0,0.0,fixed-hybrid,,0.0,0,0.0,80,linear,-0.418741165439084,2.7764787241719095e-07,0.00015816233644727618,,0.00018355225620325655,-0.4200824573782361,0.00019867124501615763
,,,0.34780533402226865,,0.9986274277874281,8.936071101037784e-11,0.0,0.0,fixed-hybrid,,0.0,0,0.0,100,linear,0.01642144985054498,2.662928547803811e-07,9.067384235095233e-05,,9.828027395997196e-05,0.01397631144593463,0.00018761727551463991
,,,0.002473290776833892,,,,,0.004958665929734707,calibrated,,0.0,0,0.004958665929734707,0,linear,,,,,0.024860450997948647,,0.00013948572450317442
,,,0.07168891583569348,,0.9999110685985169,1.6412753573089113e-09,0.011476264997391758,0.004958665929734707,calibrated,,0.0,0,0.004958665929734707,20,linear,0.9784135923949877,4.227035524284156e-07,0.0049491263926029205,,0.004953873809427023,0.9784677690892868,5.546195461647585e-05
,,,0.14001483283936977,,0.9998873109336329,1.0873566570866477e-10,0.017318727177882107,0.004958665929734707,calibrated,,0.0,0,0.004958665929734707,40,linear,0.7835759923643298,3.6823780077050043e-07,0.0005165436305105686,,0.00043196635670028627,0.7838650511893438,6.013521124259569e-05
,,,0.20909174997359514,,0.9998941517763337,6.618011358833614e-11,0.012936880542514346,0.004958665929734707,calibrated,,0.0,0,0.004958665929734707,60,linear,0.6110288008297724,1.6932148028583326e-07,0.0001799351448426023,,0.0001914565364131704,0.6111949421843471,3.747530354303308e-05
,,,0.2779490409884602,,0.9999129497611804,4.9583268956645196e-12,0.011997913406364111,0.004958665929734707,calibrated,,0.0,0,0.004958665929734707,80,linear,0.39570203973568857,3.4980651364427807e-07,0.0001321425661444664,,0.00011002788960468024,0.3956446819329231,7.666739111300558e-05
,,,0.3466753747779876,,0.9999121168695568,2.433783250889797e-12,0.015232133541992697,0.004958665929734707,calibrated,,0.0,0,0.004958665929734707,100,linear,-0.18684747533504953,2.3574357227297376e-07,8.855725900502875e-05,,9.777594823390245e-05,-0.18616337975880756,5.4440639360109344e-05
,,,0.002486957935616374,,,,,0.004958665929734707,adaptive,,0.0,0,0.004958665929734707,0,linear,,,,,0.024860450997948647,,0.00013948572450317442
,,,0.07117937481962144,,0.9999110685985169,1.6412753573089113e-09,0.011476264997391758,0.004958665929734707,adaptive,,0.0,0,0.004958665929734707,20,linear,0.9784135923949877,4.227035524284156e-07,0.0049491263926029205,,0.004953873809427023,0.9784677690892868,5.546195461647585e-05
,,,0.14374458300881088,,0.9998873109336329,1.0873566570866477e-10,0.017318727177882107,0.004958665929734707,adaptive,,0.00439608539454639,0,0.009354751324281096,40,linear,0.7835759923643298,3.6823780077050043e-07,0.0005165436305105686,,0.00043196635670028627,0.7838650511893438,6.013521124259569e-05
,,,0.21757995802909136,,0.9998941517763337,6.618011358833614e-11,0.012936880542514346,0.004958665929734707,adaptive,,0.008814376778900623,0,0.01377304270863533,60,linear,0.6110288008297724,1.6932148028583326e-07,0.0001799351448426023,,0.0001914565364131704,0.6111949421843471,3.747530354303308e-05
,,,0.29208445781841874,,0.9999129497611804,4.9583268956645196e-12,0.011997913406364111,0.004958665929734707,adaptive,,0.013222665758803487,0,0.018181331688538194,80,linear,0.3958695816610205,3.4899784025387675e-07,0.0001321425661444664,,0.00011002788960468024,0.395811990792702,7.650660700164735e-05
,,,0.36599283292889595,,0.9999121168695568,2.433783250889797e-12,0.015232133541992697,0.004958665929734707,adaptive,,0.017520291032269597,0,0.022478956962004304,100,linear,-0.1864632968257288,2.349881717334684e-07,8.855725900502875e-05,,9.777594823390245e-05,-0.1857788905873484,5.4298361646942794e-05
,,,0.0018990840762853622,,,,,0.0,fp32,,0.0,0,0.0,0,kink,,,,0.1525857299566269,0.09352011233568192,,0.0
,,,0.018100959016010165,,0.999999999999998,0.0,0.0,0.0,fp32,,0.0,0,0.0,20,kink,0.999999999999998,0.0,0.0357922725379467,0.016077032312750816,0.02994418330490589,0.999999999999998,0.0
,,,0.034262125147506595,,0.9999999999999978,0.0,0.0,0.0,fp32,,0.0,0,0.0,40,kink,0.9999999999999978,0.0,0.01647123135626316,0.02201533131301403,0.014854173175990582,0.9999999999999978,0.0
,,,0.05007645906880498,,0.9999999999999988,0.0,0.0,0.0,fp32,,0.0,0,0.0,60,kink,0.9999999999999988,0.0,0.00789231900125742,0.0160078052431345,0.009141293354332447,0.9999999999999988,0.0
,,,0.0657256250269711,,0.9999999999999989,0.0,0.0,0.0,fp32,,0.0,0,0.0,80,kink,0.9999999999999989,0.0,0.003336568595841527,0.00796655286103487,0.0038154597859829664,0.9999999999999989,0.0
,,,0.08127937512472272,,0.9999999999999989,0.0,0.0,0.0,fp32,,0.0,0,0.0,100,kink,0.9999999999999989,0.0,0.0010676020756363869,0.00299490406177938,0.0011842036619782448,0.9999999999999989,0.0
,,,0.002444791840389371,,,,,0.0,fixed-e4m3,,0.0,0,0.0,0,kink,,,,0.17239628732204437,0.10509774088859558,,0.0007981798844411969
,,,0.07118833297863603,,0.999759582286268,3.619689267273346e-08,0.0,0.0,fixed-e4m3,,0.0,0,0.0,20,kink,0.9944444534314012,8.22506950023199e-07,0.0389709547162056,0.016968989744782448,0.029990404844284058,0.9947543658870758,0.000534319318830967
,,,0.13876466685906053,,0.9996562515114251,6.484980823518084e-10,0.00010432968179447053,0.0,fixed-e4m3,,0.0,0,0.0,40,kink,0.8197994589291153,1.4005599148621714e-06,0.01660361886024475,0.02181616984307766,0.014862528070807457,0.8183344238547549,0.0006843290175311267
,,,0.20672820787876844,,0.9996221835195606,8.917505160735743e-10,0.0,0.0,fixed-e4m3,,0.0,0,0.0,60,kink,0.3087646253272148,1.0954174459483427e-06,0.007995016872882843,0.017656946554780006,0.009394990280270576,0.3076761452351959,0.000567792565561831
,,,0.2740505828987807,,0.9996883275097694,1.8170719990645957e-09,0.00010432968179447053,0.0,fixed-e4m3,,0.0,0,0.0,80,kink,0.8077996268029,1.3354577671118723e-06,0.0037784846499562263,0.010044809430837631,0.004126491956412792,0.806584944236925,0.0005353445303626359
,,,0.34188016690313816,,0.9996445236738303,6.178986830980273e-11,0.0,0.0,fixed-e4m3,,0.0,0,0.0,100,kink,-0.4904749983817017,1.6211649940413544e-06,0.0009985534707084298,0.0032726479694247246,0.0011713120620697737,-0.48977761008562737,0.00048479693941771984
,,,0.0024176668375730515,,,,,0.0,fixed-e5m2,,0.0,0,0.0,0,kink,,,,0.1580480933189392,0.10104157030582428,,0.00047263974556699395
,,,0.07222829200327396,,0.9984388875371871,2.0046918380066477e-07,0.0,0.0,fixed-e5m2,,0.0,0,0.0,20,kink,0.9907935769206991,1.1474086821550987e-06,0.036574166268110275,0.0179518423974514,0.030262509360909462,0.9931779710137139,0.0003737918159458786
,,,0.14146804180927575,,0.9984886743816266,2.8359850524270512e-09,0.0,0.0,fixed-e5m2,,0.0,0,0.0,40,kink,0.0339798538412897,4.314236669430767e-06,0.016740964725613594,0.021471183747053146,0.015063142403960228,0.039082905571507016,0.0012801522389054298
,,,0.21015225001610816,,0.9985046987259744,1.9535163912467282e-09,0.0,0.0,fixed-e5m2,,0.0,0,0.0,60,kink,0.9281651838814954,1.903233319851048e-06,0.007860112003982067,0.016765175387263298,0.009068070910871029,0.9265080719073386,0.00037253828486427665
,,,0.27897612494416535,,0.997987665687747,8.20949119841879e-10,0.0,0.0,fixed-e5m2,,0.0,0,0.0,80,kink,0.5718868339875945,2.3168620954293682e-06,0.0030842856504023075,0.005992797669023275,0.0035759934689849615,0.574537007313027,0.0007100205984897912
,,,0.34610883286222816,,0.9986773491175888,1.3117526658724638e-10,0.0,0.0,fixed-e5m2,,0.0,0,0.0,100,kink,-0.0254281834062226,2.3745938098930713e-06,0.0011473444756120443,0.003069027792662382,0.0012868409976363182,-0.028969050145960164,0.0006635378231294453
,,,0.0024379168171435595,,,,,0.0,fixed-hybrid,,0.0,0,0.0,0,kink,,,,0.17239628732204437,0.10509774088859558,,0.0007981798844411969
,,,0.07000645785592496,,0.9984563640496766,2.1962629646586966e-07,0.0,0.0,fixed-hybrid,,0.0,0,0.0,20,kink,0.9940747312451568,8.41339939240677e-07,0.037973642349243164,0.016968559473752975,0.03005913645029068,0.9955619849380873,0.0005429662996903062
,,,0.13776470790617168,,0.9983027902961964,2.819766452506745e-09,0.0,0.0,fixed-hybrid,,0.0,0,0.0,40,kink,0.7808724725060868,1.7170934065573494e-06,0.016451643779873848,0.020998617634177208,0.014919075183570385,0.7794262657848344,0.0006375934462994337
,,,0.20598262478597462,,0.99870104465363,3.4702424910699564e-09,0.0,0.0,fixed-hybrid,,0.0,0,0.0,60,kink,0.40869393054301434,1.06424811375241e-06,0.008022342808544636,0.017791884019970894,0.009437878616154194,0.4129059286494469,0.0005302337813191116
,,,0.27389691676944494,,0.9988177114748228,3.917868519296398e-09,0.0,0.0,fixed-hybrid,,0.0,0,0.0,80,kink,0.6968565813431988,1.0200386867386889e-06,0.003663657233119011,0.009374278597533703,0.003998113330453634,0.6972116826758762,0.0003873779787681997
,,,0.34115779190324247,,0.9987819331095594,7.653739415085568e-11,0.0,0.0,fixed-hybrid,,0.0,0,0.0,100,kink,0.475702778821243,1.7567986723151768e-06,0.0010078807827085257,0.0027636485174298286,0.001139010419137776,0.4798198896400992,0.00046689045848324895
,,,0.0024274580646306276,,,,,0.004566333023831248,calibrated,,0.0,0,0.004566333023831248,0,kink,,,,0.14810940623283386,0.08970888704061508,,5.8035115216625854e-05
,,,0.07101291604340076,,0.9998615556180512,1.7217377960555984e-08,0.012728221178925404,0.004566333023831248,calibrated,,0.0,0,0.004566333023831248,20,kink,0.9989226373060219,7.000780626790538e-07,0.034917425364255905,0.01572757586836815,0.030018148943781853,0.9990422337222652,0.00015826054732315242
,,,0.13893237500451505,,0.9999170752146201,1.57280092964914e-10,0.01596244131455399,0.004566333023831248,calibrated,,0.0,0,0.004566333023831248,40,kink,0.9668033897817229,6.23186848177829e-08,0.01653263345360756,0.022224675863981247,0.014850536361336708,0.9668417504655811,4.812589395442046e-05
,,,0.2067555000539869,,0.9999139886202878,1.546814226770846e-10,0.008763693270735524,0.004566333023831248,calibrated,,0.0,0,0.004566333023831248,60,kink,0.9839786506072352,5.1704112512242626e-08,0.008030314929783344,0.016709938645362854,0.00926539022475481,0.983955124628898,5.8286834246246144e-05
,,,0.2744441661052406,,0.9998835393191335,1.9830110191673078e-10,0.011267605633802818,0.004566333023831248,calibrated,,0.0,0,0.004566333023831248,80,kink,0.9179200029761444,1.5391098801266072e-07,0.0034745587036013603,0.008483437821269035,0.003957712557166815,0.9188273557344417,4.19166790379677e-05
,,,0.3419348751194775,,0.9999030471264344,9.500044779548432e-12,0.010119979134063642,0.004566333023831248,calibrated,,0.0,0,0.004566333023831248,100,kink,0.705783679273013,3.466388565113994e-08,0.0010823742486536503,0.002916577970609069,0.00119068066123873,0.7064202548617904,1.8703065506997518e-05
,,,0.0024823329877108335,,,,,0.004566333023831248,adaptive,,0.0,0,0.004566333023831248,0,kink,,,,0.14810940623283386,0.08970888704061508,,5.8035115216625854e-05
,,,0.07085483288392425,,0.9998615556180512,1.7217377960555984e-08,0.012728221178925404,0.004566333023831248,adaptive,,0.0,0,0.004566333023831248,20,kink,0.9989226373060219,7.000780626790538e-07,0.034917425364255905,0.01572757586836815,0.030018148943781853,0.9990422337222652,0.00015826054732315242
,,,0.1428566249087453,,0.9999170752146201,1.57280092964914e-10,0.01596244131455399,0.004566333023831248,adaptive,,0.004396708682179451,0,0.0089630417060107,40,kink,0.9664562634998454,6.290279302987616e-08,0.01653263345360756,0.022224675863981247,0.014850536361336708,0.9664910566385433,4.837099550059065e-05
,,,0.2151084579527378,,0.9999242390334936,1.2426814757930066e-10,0.008763693270735524,0.004566333023831248,adaptive,,0.008778166957199574,0,0.013344499981030822,60,kink,0.984480096098017,5.2079546954282255e-08,0.008030314929783344,0.016709938645362854,0.00926539022475481,0.9841990377822402,5.829989822814241e-05
,,,0.2870231249835342,,0.9998835393191335,1.9830110191673078e-10,0.011267605633802818,0.004566333023831248,adaptive,,0.01308199972845614,0,0.017648332752287388,80,kink,0.9189834660246828,1.520194505612268e-07,0.0034745587036013603,0.008483437821269035,0.003957712557166815,0.9198871619200653,4.149808592046611e-05
,,,0.35916941706091166,,0.999925602772059,7.369682724581828e-12,0.010119979134063642,0.004566333023831248,adaptive,,0.017410041531547904,0,0.021976374555379152,100,kink,0.714570140913101,3.347914922683258e-08,0.0010823742486536503,0.002916577970609069,0.00119068066123873,0.7133439339494919,1.848162901296746e-05
,,,0.0018645410891622305,0.21590003371238708,,,,0.0,fp32,,0.0,0,0.0,0,plateau,,,,0.20147252082824707,0.21312381327152252,,0.0
,,,0.01764120813459158,0.1310563087463379,0.9999999999999976,0.0,0.0,0.0,fp32,,0.0,0,0.0,20,plateau,0.9999999999999976,0.0,0.1465444713830948,0.17421963810920715,0.13936205208301544,0.9999999999999976,0.0
,,,0.033281208015978336,0.1131010577082634,0.9999999999999974,0.0,0.0,0.0,fp32,,0.0,0,0.0,40,plateau,0.9999999999999974,0.0,0.10758987814188004,0.13931286334991455,0.11814489215612411,0.9999999999999974,0.0
,,,0.048721250146627426,0.09438619017601013,0.9999999999999991,0.0,0.0,0.0,fp32,,0.0,0,0.0,60,plateau,0.9999999999999991,0.0,0.10817490518093109,0.12796235084533691,0.10084712505340576,0.9999999999999991,0.0
,,,0.06431074999272823,0.07134071737527847,0.9999999999999984,0.0,0.0,0.0,fp32,,0.0,0,0.0,80,plateau,0.9999999999999984,0.0,0.07831960171461105,0.1073528379201889,0.07827038317918777,0.9999999999999984,0.0
,,,0.0796658331528306,0.042621929198503494,0.9999999999999971,0.0,0.0,0.0,fp32,,0.0,0,0.0,100,plateau,0.9999999999999971,0.0,0.05060160905122757,0.07165257632732391,0.04820818081498146,0.9999999999999971,0.0
,,,0.0024737499188631773,0.21400117874145508,,,,0.0,fixed-e4m3,,0.0,0,0.0,0,plateau,,,,0.20229949057102203,0.21174946427345276,,0.0002483925491105765
,,,0.07003941689617932,0.13211847841739655,0.9996258236071109,3.020161852573053e-08,0.001356285863328117,0.0,fixed-e4m3,,0.0,0,0.0,20,plateau,0.9934855434790281,1.3690699215930967e-06,0.14806373417377472,0.1759209781885147,0.14054721593856812,0.993970434895516,0.0002815289481077343
,,,0.13703708397224545,0.11363010108470917,0.99964748743404,3.2355572006935846e-09,0.0,0.0,fixed-e4m3,,0.0,0,0.0,40,plateau,0.8144411275525483,2.568833231639936e-06,0.10810577869415283,0.1397697776556015,0.11866004019975662,0.815560658507533,0.0003208964772056788
,,,0.2042783338110894,0.09479797631502151,0.9996476735033085,1.9497624088246943e-08,0.00010432968179447053,0.0,fixed-e4m3,,0.0,0,0.0,60,plateau,0.9810200344345462,4.130958509500316e-06,0.10760870575904846,0.1286405473947525,0.10131017118692398,0.9810754218475439,0.0006776366499252617
,,,0.2713579998817295,0.07252810895442963,0.9996401137216918,2.4295872892992856e-09,0.0,0.0,fixed-e4m3,,0.0,0,0.0,80,plateau,0.9222733134284118,5.760700712507225e-07,0.07956546545028687,0.10779929161071777,0.0793152004480362,0.9235282226685844,0.00012106507347198203
,,,0.33849058393388987,0.04506852477788925,0.9996571102161603,9.812477433955736e-09,0.0,0.0,fixed-e4m3,,0.0,0,0.0,100,plateau,0.9554693846788265,2.5665575249534383e-06,0.052060775458812714,0.07070387899875641,0.05000143498182297,0.9559876178649789,0.0004746293125208467
,,,0.002480332972481847,0.2331353724002838,,,,0.0,fixed-e5m2,,0.0,0,0.0,0,plateau,,,,0.20742392539978027,0.22818781435489655,,0.001136879320256412
,,,0.06988995801657438,0.13305027782917023,0.9986294055158105,9.602777290803877e-08,0.0,0.0,fixed-e5m2,,0.0,0,0.0,20,plateau,0.9393986451679975,7.48426256704043e-06,0.1477264016866684,0.1738862544298172,0.14090818166732788,0.9391455272757946,0.0024983780458569527
,,,0.13760524988174438,0.11310943961143494,0.9988931105295868,1.1886055049960969e-08,0.0,0.0,fixed-e5m2,,0.0,0,0.0,40,plateau,0.38588153561195193,5.718065059800672e-06,0.10798326134681702,0.13982388377189636,0.11824999004602432,0.3823422064821932,0.0013032864080742002
,,,0.20818720781244338,0.09453736245632172,0.998563938218892,1.517971732416003e-07,0.0,0.0,fixed-e5m2,,0.0,0,0.0,60,plateau,0.9764347467962669,4.945059741798899e-06,0.11024799942970276,0.12506341934204102,0.10041137784719467,0.9797985944619769,0.0017548862379044294
,,,0.2804352499078959,0.07149440050125122,0.9990117915740897,9.442176514673413e-09,0.0,0.0,fixed-e5m2,,0.0,0,0.0,80,plateau,0.8811081044405094,5.78484973077807e-06,0.07811591029167175,0.10295038670301437,0.0775473564863205,0.8843553522232387,0.0014261329779401422
,,,0.3474862079601735,0.04277357831597328,0.9985881870764691,1.0435023547270384e-08,0.0,0.0,fixed-e5m2,,0.0,0,0.0,100,plateau,0.4935767415447512,1.8103160594639464e-05,0.0503932349383831,0.0727493166923523,0.04854168742895126,0.49899832469599975,0.0037870428059250116
,,,0.00244470895268023,0.21400117874145508,,,,0.0,fixed-hybrid,,0.0,0,0.0,0,plateau,,,,0.20229949057102203,0.21174946427345276,,0.0002483925491105765
,,,0.06937237503007054,0.13155291974544525,0.9987586089106604,9.555150998868147e-08,0.0,0.0,fixed-hybrid,,0.0,0,0.0,20,plateau,0.9939598570599069,1.0293979224153114e-06,0.1473161280155182,0.17485184967517853,0.13988476991653442,0.9950167732876929,0.0002424780686851591
,,,0.13656737515702844,0.11383873969316483,0.9986016044812169,1.3750358348902755e-08,0.0,0.0,fixed-hybrid,,0.0,0,0.0,40,plateau,0.8251817896527442,2.4252485238091405e-06,0.10832004249095917,0.13954775035381317,0.11878582835197449,0.8265210309950621,0.0003368837642483413
,,,0.20618350012227893,0.09473743289709091,0.9986985202673537,6.693990987773126e-08,0.0,0.0,fixed-hybrid,,0.0,0,0.0,60,plateau,0.9668272555117664,4.720868814179323e-06,0.10715381056070328,0.1287204921245575,0.10127664357423782,0.9675795543332825,0.0006518667796626687
,,,0.2766489591449499,0.0726977288722992,0.9987147187052405,1.1555709509050786e-08,0.0,0.0,fixed-hybrid,,0.0,0,0.0,80,plateau,0.9459023507756225,4.365839905997003e-07,0.07979875057935715,0.10831832140684128,0.0795520693063736,0.9466499180535594,0.00018211301357951015
,,,0.3455411249306053,0.04569164663553238,0.9987180931120583,4.423206861616756e-08,0.0,0.0,fixed-hybrid,,0.0,0,0.0,100,plateau,0.9888231175396268,7.950358879993876e-07,0.05293319746851921,0.07015178352594376,0.05039842054247856,0.9894203850536663,2.5256891603930853e-05
,,,0.0024531250819563866,0.21261462569236755,,,,0.00466445810161531,calibrated,,0.0,0,0.00466445810161531,0,plateau,,,,0.19932040572166443,0.21005645394325256,,4.6693810872966424e-05
,,,0.0707509161438793,0.13159650564193726,0.9999253795752288,5.533350544762673e-09,0.01585811163275952,0.00466445810161531,calibrated,,0.0,0,0.00466445810161531,20,plateau,0.9976225576992575,5.678160563740977e-07,0.1466313749551773,0.1745157092809677,0.1398552805185318,0.9976941348416235,5.5484553740825504e-05
,,,0.1383368750102818,0.11325336992740631,0.9999259534093762,6.685158197214903e-10,0.010537297861241524,0.00466445810161531,calibrated,,0.0,0,0.00466445810161531,40,plateau,0.8675090291931905,1.112510619201582e-06,0.10724644362926483,0.13907556235790253,0.11822222173213959,0.8663242729360624,0.00012454789248295128
,,,0.2066485001705587,0.09428853541612625,0.9999198499166422,6.220696505495176e-09,0.007094418362023996,0.00466445810161531,calibrated,,0.0,0,0.00466445810161531,60,plateau,0.9994234310183667,3.15422107968981e-07,0.108541339635849,0.12670928239822388,0.10052714496850967,0.9995264509254518,2.2019088646629825e-05
,,,0.2747263330966234,0.06990835070610046,0.9999211178348347,6.014384724356118e-10,0.009181011997913406,0.00466445810161531,calibrated,,0.0,0,0.00466445810161531,80,plateau,0.9627030653522018,2.8462448589594495e-07,0.07719938457012177,0.1048782467842102,0.07663746923208237,0.9628842293508835,0.00012302542745601386
,,,0.342494250042364,0.04072491079568863,0.9999020919927131,1.3524103220596548e-09,0.010954616588419406,0.00466445810161531,calibrated,,0.0,0,0.00466445810161531,100,plateau,0.963160442376304,2.4930908408700686e-06,0.047286007553339005,0.0675896406173706,0.04589438438415527,0.9631983258399844,0.00040833879029378295
,,,0.0024948748759925365,0.21261462569236755,,,,0.00466445810161531,adaptive,,0.0,0,0.00466445810161531,0,plateau,,,,0.19932040572166443,0.21005645394325256,,4.6693810872966424e-05
,,,0.07113999989815056,0.13159650564193726,0.9999253795752288,5.533350544762673e-09,0.01585811163275952,0.00466445810161531,adaptive,,0.0,0,0.00466445810161531,20,plateau,0.9976225576992575,5.678160563740977e-07,0.1466313749551773,0.1745157092809677,0.1398552805185318,0.9976941348416235,5.5484553740825504e-05
,,,0.1431451248936355,0.11325336992740631,0.9999254197189588,6.735519865102513e-10,0.010537297861241524,0.00466445810161531,adaptive,,0.004241957096382976,0,0.008906415197998285,40,plateau,0.867499937211753,1.1125975952469141e-06,0.10724644362926483,0.13907556235790253,0.11822222173213959,0.8661723035672079,0.00012469058856368065
,,,0.21505624987185,0.09428853541612625,0.9999198499166422,6.220696505495176e-09,0.007094418362023996,0.00466445810161531,adaptive,,0.008510624757036567,0,0.013175082858651876,60,plateau,0.9994214060194538,3.173388334692153e-07,0.108541339635849,0.12670928239822388,0.10052714496850967,0.9995244455745893,2.2213753254618496e-05
,,,0.28727574995718896,0.06990835070610046,0.9999146245232086,6.536758248842327e-10,0.009181011997913406,0.00466445810161531,adaptive,,0.01286316872574389,0,0.0175276268273592,80,plateau,0.9624489374088246,2.8655821907263513e-07,0.07719938457012177,0.1048782467842102,0.07663746923208237,0.9628368149457973,0.00012314593186601996
,,,0.3590962500311434,0.04072491079568863,0.9998931637475783,1.488735275217294e-09,0.010954616588419406,0.00466445810161531,adaptive,,0.017225666670128703,0,0.021890124771744013,100,plateau,0.9627233320735991,2.511750554871198e-06,0.047286007553339005,0.0675896406173706,0.04589438438415527,0.9631710199597648,0.00040874769911170006
,0.006517111789435148,0.003482888210564852,0.0018286248669028282,,,,,0.0,fp32,,0.0,0,0.0,0,detail,,,,,0.44266387820243835,,0.0
,-0.0072597539983689785,0.01725975399836898,0.017540334025397897,,0.9999999999999984,0.0,0.0,0.0,fp32,,0.0,0,0.0,20,detail,0.9999999999999984,0.0,0.4238433539867401,,0.42997390031814575,0.9999999999999984,0.0
,0.005857831332832575,0.004142168667167425,0.03316462482325733,,0.9999999999999984,0.0,0.0,0.0,fp32,,0.0,0,0.0,40,detail,0.9999999999999984,0.0,0.4135100245475769,,0.42669907212257385,0.9999999999999984,0.0
,-0.0022760427091270685,0.012276042709127069,0.04905483382754028,,0.9999999999999991,0.0,0.0,0.0,fp32,,0.0,0,0.0,60,detail,0.9999999999999991,0.0,0.44602471590042114,,0.4093944728374481,0.9999999999999991,0.0
,-0.005024523474276066,0.015024523474276066,0.06462483387440443,,0.9999999999999998,0.0,0.0,0.0,fp32,,0.0,0,0.0,80,detail,0.9999999999999998,0.0,0.38376080989837646,,0.3979134261608124,0.9999999999999998,0.0
,0.005303691606968641,0.004696308393031359,0.08009487483650446,,0.9999999999999987,0.0,0.0,0.0,fp32,,0.0,0,0.0,100,detail,0.9999999999999987,0.0,0.39914435148239136,,0.3682888150215149,0.9999999999999987,0.0
,0.005147082731127739,0.004852917268872261,0.0024243330117315054,,,,,0.0,fixed-e4m3,,0.0,0,0.0,0,detail,,,,,0.440694123506546,,0.00013678395771421492
,-0.006934383884072304,0.016934383884072306,0.07040279102511704,,0.999574090178964,4.22094182220575e-08,0.00010432968179447053,0.0,fixed-e4m3,,0.0,0,0.0,20,detail,0.9980318467556044,2.962519509822967e-07,0.4222756028175354,,0.4290047287940979,0.998301982559743,0.00010558433859841898
,0.005581921897828579,0.004418078102171421,0.13764799991622567,,0.9996364437371237,1.8181031557165722e-08,0.00010432968179447053,0.0,fixed-e4m3,,0.0,0,0.0,40,detail,0.9980836475348099,8.989928659430002e-07,0.40972769260406494,,0.42401763796806335,0.9981583856591091,0.00016483073704876006
,-0.001747238915413618,0.011747238915413618,0.20723070809617639,,0.9993664627446109,3.204491474062844e-08,0.0,0.0,fixed-e4m3,,0.0,0,0.0,60,detail,0.993009953463687,6.186753247735036e-07,0.4420228600502014,,0.40920352935791016,0.9939956378672069,0.00021454338275361806
,-0.0057092406786978245,0.015709240678697826,0.27425525011494756,,0.9996909274431541,1.7701760809045652e-08,0.0,0.0,fixed-e4m3,,0.0,0,0.0,80,detail,0.9960440256956343,6.343131896536837e-07,0.3822268843650818,,0.39823848009109497,0.9963030092785762,0.0001148270966950804
,0.0057067908346652985,0.004293209165334702,0.341410166118294,,0.9996276609369719,1.1901997810438046e-08,0.0,0.0,fixed-e4m3,,0.0,0,0.0,100,detail,0.9757928459918082,1.1817653823381792e-06,0.39915189146995544,,0.3690013587474823,0.976507657649296,6.805683369748294e-05
,0.005191495642066002,0.004808504357933998,0.0024082500021904707,,,,,0.0,fixed-e5m2,,0.0,0,0.0,0,detail,,,,,0.4463782012462616,,0.00037960827467031777
,-0.007414816878736019,0.01741481687873602,0.07148612500168383,,0.9989517224256257,1.0895999464118447e-07,0.0,0.0,fixed-e5m2,,0.0,0,0.0,20,detail,0.9945974353017648,5.583427696954644e-07,0.42240968346595764,,0.43238162994384766,0.9960813172517358,3.0806579161435366e-05
,0.006520591676235199,0.0034794083237648012,0.1397698330692947,,0.9989760315259644,6.532861993442814e-08,0.0,0.0,fixed-e5m2,,0.0,0,0.0,40,detail,0.9923376112360832,1.41901849179616e-06,0.4109880030155182,,0.4257640838623047,0.9939391428144194,0.00021449793712235987
,-0.002489117905497551,0.012489117905497551,0.20842020795680583,,0.9989876771317057,7.917941300407204e-08,0.0,0.0,fixed-e5m2,,0.0,0,0.0,60,detail,0.9480835335909006,6.248528525406126e-06,0.44518980383872986,,0.41123881936073303,0.9489608551459526,0.0012788245221599936
,-0.0034343358129262924,0.013434335812926293,0.2767248749732971,,0.9987178865854764,5.2875366847172515e-08,0.0,0.0,fixed-e5m2,,0.0,0,0.0,80,detail,0.9839515674909145,4.2219263934000804e-06,0.37998005747795105,,0.39604103565216064,0.9863608562464949,0.0004763411998283118
,0.003716298844665289,0.006283701155334711,0.34529504203237593,,0.9987528265999404,4.4365050830953506e-08,0.0,0.0,fixed-e5m2,,0.0,0,0.0,100,detail,0.9282670293818249,7.489864359682974e-06,0.3995126485824585,,0.3684021234512329,0.930976164509201,0.0015785775613039732
,0.005147082731127739,0.004852917268872261,0.002380124991759658,,,,,0.0,fixed-hybrid,,0.0,0,0.0,0,detail,,,,,0.440694123506546,,0.00013678395771421492
,-0.00692300358787179,0.016923003587871792,0.07031804183498025,,0.9987606368940963,1.2459758838515806e-07,0.0,0.0,fixed-hybrid,,0.0,0,0.0,20,detail,0.9970066341774492,3.880742848178152e-07,0.4222552478313446,,0.4290824234485626,0.9983744439063988,0.00010077554179588333
,0.005802702158689499,0.004197297841310501,0.13793683284893632,,0.9986856803039208,7.096765971865207e-08,0.0,0.0,fixed-hybrid,,0.0,0,0.0,40,detail,0.9969186509069331,8.588355579948189e-07,0.4101247191429138,,0.4237782955169678,0.9981091723982073,0.00024885847233235836
,-0.0017635964322835207,0.011763596432283521,0.20488595799542964,,0.9988581779301264,5.958428321170649e-08,0.0,0.0,fixed-hybrid,,0.0,0,0.0,60,detail,0.9911783207546342,6.024783464272647e-07,0.44195929169654846,,0.409419447183609,0.9916287850273922,0.0003072120016440749
,-0.006199684925377369,0.01619968492537737,0.27158362488262355,,0.9987025123068295,1.1159096577777648e-07,0.0,0.0,fixed-hybrid,,0.0,0,0.0,80,detail,0.996759541333641,3.2569717869308306e-07,0.3849632143974304,,0.3990432322025299,0.9981361534301955,0.000125865000882186
,0.005557835102081299,0.004442164897918701,0.3394097078125924,,0.9987462363344353,5.7647595416706634e-08,0.0,0.0,fixed-hybrid,,0.0,0,0.0,100,detail,0.9929429205483886,3.2790245119120897e-07,0.3995435833930969,,0.3680253326892853,0.9943870837944927,0.00011211349192308262
,0.006649546790868044,0.0033504532091319563,0.0024974581319838762,,,,,0.004531749989837408,calibrated,,0.0,0,0.004531749989837408,0,detail,,,,,0.443948894739151,,2.949547524622176e-05
,-0.006733273155987263,0.016733273155987265,0.07211079215630889,,0.9998783485221241,1.5376033913165947e-08,0.015232133541992697,0.004531749989837408,calibrated,,0.0,0,0.004531749989837408,20,detail,0.9973296319324071,5.328361119686397e-07,0.4244250953197479,,0.43077540397644043,0.9975261275245237,3.3097468985943124e-05
,0.005105406045913696,0.004894593954086304,0.14083825005218387,,0.9999262189234742,6.644540770028752e-09,0.014188836724047992,0.004531749989837408,calibrated,,0.0,0,0.004531749989837408,40,detail,0.9995171311870481,4.2920022505085366e-08,0.4137285351753235,,0.42745378613471985,0.9996065746673156,5.849033914273605e-05
,-0.0012191209243610501,0.01121912092436105,0.21062841708771884,,0.9998588017062879,1.0326751672499407e-08,0.020552947313510695,0.004531749989837408,calibrated,,0.0,0,0.004531749989837408,60,detail,0.9991878133933221,1.240270742779695e-07,0.44629496335983276,,0.40995538234710693,0.999331907091472,2.2814590920461342e-05
,-0.005022882483899593,0.015022882483899594,0.2790111671201885,,0.9999199763253415,5.543964347331352e-09,0.01836202399582681,0.004531749989837408,calibrated,,0.0,0,0.004531749989837408,80,detail,0.9987977016144427,8.530225704840794e-08,0.38515621423721313,,0.39937904477119446,0.9989583362359726,1.3397700968198478e-05
,0.004286479204893112,0.005713520795106888,0.3475053331349045,,0.9999012666320383,4.2981547373277605e-09,0.009076682316118936,0.004531749989837408,calibrated,,0.0,0,0.004531749989837408,100,detail,0.997244112475724,2.1712611952010837e-07,0.4056808352470398,,0.3719666004180908,0.9974558314595223,6.670655420748517e-05
,0.006649546790868044,0.0033504532091319563,0.0026792921125888824,,,,,0.004531749989837408,adaptive,,0.0,0,0.004531749989837408,0,detail,,,,,0.443948894739151,,2.949547524622176e-05
,-0.006733273155987263,0.016733273155987265,0.07413758407346904,,0.9998783485221241,1.5376033913165947e-08,0.015232133541992697,0.004531749989837408,adaptive,,0.0,0,0.004531749989837408,20,detail,0.9973296319324071,5.328361119686397e-07,0.4244250953197479,,0.43077540397644043,0.9975261275245237,3.3097468985943124e-05
,0.005105406045913696,0.004894593954086304,0.1478014171589166,,0.9999262189234742,6.644540770028752e-09,0.014188836724047992,0.004531749989837408,adaptive,,0.004484083969146013,0,0.009015833958983421,40,detail,0.9995168475142102,4.391100165104186e-08,0.4137285351753235,,0.42745378613471985,0.9996064327252773,5.7002143876161426e-05
,-0.0012191209243610501,0.01121912092436105,0.22071658400818706,,0.9998588017062879,1.0326751672499407e-08,0.020552947313510695,0.004531749989837408,adaptive,,0.009186587762087584,0,0.013718337751924992,60,detail,0.999189494292314,1.1871994284556726e-07,0.44629496335983276,,0.40995538234710693,0.9993343051871775,2.1580697648460045e-05
,-0.005022882483899593,0.015022882483899594,0.2932921249885112,,0.9999199763253415,5.543964347331352e-09,0.01836202399582681,0.004531749989837408,adaptive,,0.013535084901377559,0,0.018066834891214967,80,detail,0.9988009287456251,8.366510395924696e-08,0.38515621423721313,,0.39937904477119446,0.9989602899467162,1.1977128451690078e-05
,0.004286479204893112,0.005713520795106888,0.36511250003241,,0.9999012666320383,4.2981547373277605e-09,0.009076682316118936,0.004531749989837408,adaptive,,0.017867462011054158,0,0.022399212000891566,100,detail,0.9970429093303679,2.365818561008164e-07,0.4056808352470398,,0.3719666004180908,0.9972689480665426,7.21371834515594e-05
0.15425853431224823,,,0.00185570796020329,,,,,0.0,fp32,0.02116769552230835,0.0,0,0.0,0,bump,,,,,0.02343575470149517,,0.0
0.2113354206085205,,,0.017684207996353507,,0.9999999999999987,0.0,0.0,0.0,fp32,0.0028292471542954445,0.0,0,0.0,20,bump,0.9999999999999987,0.0,0.002420711098238826,,0.0063824886456131935,0.9999999999999987,0.0
0.22286908328533173,,,0.03316604206338525,,0.9999999999999989,0.0,0.0,0.0,fp32,0.000721173535566777,0.0,0,0.0,40,bump,0.9999999999999989,0.0,0.005868164822459221,,0.0045068892650306225,0.9999999999999989,0.0
0.23218870162963867,,,0.0487572499550879,,0.9999999999999987,0.0,0.0,0.0,fp32,0.0002579634601715952,0.0,0,0.0,60,bump,0.9999999999999987,0.0,0.00253763678483665,,0.0042103929445147514,0.9999999999999987,0.0
0.2237124741077423,,,0.0645213748794049,,0.9999999999999982,0.0,0.0,0.0,fp32,0.0003562968922778964,0.0,0,0.0,80,bump,0.9999999999999982,0.0,0.0036996230483055115,,0.00416260352358222,0.9999999999999982,0.0
0.22259871661663055,,,0.07997883297502995,,0.9999999999999999,0.0,0.0,0.0,fp32,0.0003498756850603968,0.0,0,0.0,100,bump,0.9999999999999999,0.0,0.005387418437749147,,0.0041373115964233875,0.9999999999999999,0.0
0.15740594267845154,,,0.0024750831071287394,,,,,0.0,fixed-e4m3,0.01821361482143402,0.0,0,0.0,0,bump,,,,,0.020585648715496063,,0.00018358451779931784
0.21100550889968872,,,0.07125141704455018,,0.9996342470277916,8.444845273877925e-09,0.00010432968179447053,0.0,fixed-e4m3,0.0032739604357630014,0.0,0,0.0,20,bump,0.9980768861467846,4.340900382362641e-08,0.0032100328244268894,,0.006814001128077507,0.998792292469816,6.7437285906635225e-06
0.2062896341085434,,,0.1402962498832494,,0.9996330081347187,5.640005144682975e-10,0.00020865936358894105,0.0,fixed-e4m3,0.0015307508874684572,0.0,0,0.0,40,bump,0.979342924492199,6.536180909704461e-08,0.006144308485090733,,0.0050201332196593285,0.9796878856219478,7.890641427366063e-05
0.2296941578388214,,,0.20866029197350144,,0.9996681334803806,1.8787679492061154e-10,0.0,0.0,fixed-e4m3,0.0003045720513910055,0.0,0,0.0,60,bump,-0.4630483796016718,3.6239269099992776e-07,0.0026201156433671713,,0.004213695880025625,-0.46477843538231195,5.5168762628454715e-05
0.22841112315654755,,,0.2763005830347538,,0.999696728717565,3.90894991509478e-11,0.0004173187271778821,0.0,fixed-e4m3,0.00029818451730534434,0.0,0,0.0,80,bump,0.9783480008331004,2.7754512537434117e-07,0.0037320128176361322,,0.004185553174465895,0.9786391273222077,7.870918489061296e-05
0.22307188808918,,,0.3437523329630494,,0.9995931962046617,2.4168812501904075e-11,0.00020865936358894105,0.0,fixed-e4m3,0.0003478412108961493,0.0,0,0.0,100,bump,0.1508143282981513,4.060970018437917e-07,0.00539628230035305,,0.004143374972045422,0.15006290537049188,0.00013434556603897363
0.14564211666584015,,,0.002441624877974391,,,,,0.0,fixed-e5m2,0.03369953855872154,0.0,0,0.0,0,bump,,,,,0.03560720384120941,,0.001929904567077756
0.20661962032318115,,,0.07034516683779657,,0.9989906390952286,1.8243588155783612e-08,0.0,0.0,fixed-e5m2,0.0035657959524542093,0.0,0,0.0,20,bump,0.9519948272595513,1.239313702491999e-06,0.003168497234582901,,0.007026121485978365,0.9548663517418435,0.0005245948559604585
0.23197327554225922,,,0.13738354202359915,,0.9984460619734403,5.015690384005577e-10,0.0,0.0,fixed-e5m2,0.00039502306026406586,0.0,0,0.0,40,bump,0.954435173751246,6.980075508891572e-07,0.005886430386453867,,0.004341444931924343,0.9565124172442427,0.00026850533322431147
0.23802269995212555,,,0.20520766684785485,,0.9983867362113574,6.65284797125303e-10,0.0,0.0,fixed-e5m2,0.00021161210315767676,0.0,0,0.0,60,bump,0.9384756229453792,1.338026212952274e-06,0.002595276106148958,,0.004264250863343477,0.9348139861349068,0.0003752811171580106
0.2236613631248474,,,0.2735771248117089,,0.9983253139829938,1.5131843598247566e-10,0.0,0.0,fixed-e5m2,0.0003814094525296241,0.0,0,0.0,80,bump,0.20601282460375994,1.0553113204229e-06,0.003747980110347271,,0.004186416510492563,0.2083336391415564,0.00043503858614712954
0.22837069630622864,,,0.34112674999050796,,0.9984583786956026,1.0293814989471404e-10,0.0,0.0,fixed-e5m2,0.0002784349489957094,0.0,0,0.0,100,bump,0.17530787858169766,9.585784721517248e-07,0.005420884117484093,,0.00416545057669282,0.16815787874198687,0.00034997015609405935
0.15740594267845154,,,0.0024477089755237103,,,,,0.0,fixed-hybrid,0.01821361482143402,0.0,0,0.0,0,bump,,,,,0.020585648715496063,,0.00018358451779931784
0.21026292443275452,,,0.07203737483359873,,0.9987880797888586,2.8719902665721998e-08,0.0,0.0,fixed-hybrid,0.0033213947899639606,0.0,0,0.0,20,bump,0.9971660927321953,7.815981440265274e-08,0.003262935671955347,,0.006847972050309181,0.9986651049582852,8.650426934764255e-06
0.2111479640007019,,,0.14058741694316268,,0.998406580089603,2.40627093646281e-09,0.0,0.0,fixed-hybrid,0.0013497706968337297,0.0,0,0.0,40,bump,0.9747737513812922,7.044511582248254e-08,0.006133885122835636,,0.004925030283629894,0.9759808587113019,5.194141704123467e-05
0.24062204360961914,,,0.20855166693218052,,0.9985461355079248,1.2983353366279325e-10,0.0,0.0,fixed-hybrid,0.00022195024939719588,0.0,0,0.0,60,bump,0.9065353005581057,4.0538320518503276e-08,0.0025658123195171356,,0.00431870948523283,0.9069827691194153,4.4876425818074495e-05
0.22620020806789398,,,0.2762377089820802,,0.9983194973523251,1.5193545368799038e-09,0.0,0.0,fixed-hybrid,0.0003309366584289819,0.0,0,0.0,80,bump,0.9826073836297555,4.0045411948652834e-08,0.003861483419314027,,0.004180070012807846,0.9834554740350925,0.00011677961447276175
0.22280770540237427,,,0.3444946249946952,,0.9987644064841763,5.410294408579512e-11,0.0,0.0,fixed-hybrid,0.0003485062625259161,0.0,0,0.0,100,bump,-0.06783431351641005,4.1376950847498727e-07,0.005393160507082939,,0.0041395267471671104,-0.07089947760558667,0.00012201334902783856
0.159640833735466,,,0.002566999988630414,,,,,0.004509583115577698,calibrated,0.01990790106356144,0.0,0,0.004509583115577698,0,bump,,,,,0.022289147600531578,,3.334758730488829e-05
0.20493942499160767,,,0.07174400007352233,,0.9999158337090013,1.3309427929547632e-09,0.02410015649452269,0.004509583115577698,calibrated,0.0033512357622385025,0.0,0,0.004509583115577698,20,bump,0.9975212477498576,4.342008187463551e-08,0.0022311212960630655,,0.006786584388464689,0.9974870884081238,7.095489127095789e-05
0.2204737365245819,,,0.14114174991846085,,0.9998940251797772,4.3244433789359295e-11,0.0180490349504434,0.004509583115577698,calibrated,0.0008637759019620717,0.0,0,0.004509583115577698,40,bump,0.7022135570019098,1.0640627136418656e-07,0.005909737665206194,,0.004606241825968027,0.6991418361015639,2.098059303534683e-05
0.2286047339439392,,,0.21013300004415214,,0.9999041006677073,7.579611632530218e-12,0.025039123630672927,0.004509583115577698,calibrated,0.00033860784606076777,0.0,0,0.004509583115577698,60,bump,0.6233058958174192,7.009489555290286e-08,0.0025577498599886894,,0.004228586796671152,0.6228882377355638,1.8241620637127198e-05
0.22488395869731903,,,0.27875020797364414,,0.999908455369831,1.2558123441130622e-12,0.02535211267605634,0.004509583115577698,calibrated,0.0003312988264951855,0.0,0,0.004509583115577698,80,bump,0.502444210078004,6.085738078979662e-08,0.003711906261742115,,0.004157994873821735,0.5029516348771553,2.3342530766967684e-05
0.22371414303779602,,,0.34631125000305474,,0.9998910264891269,7.32432084739107e-12,0.01742305685967658,0.004509583115577698,calibrated,0.0003356329398229718,0.0,0,0.004509583115577698,100,bump,0.5846615794953122,3.7495547798526366e-08,0.005397212225943804,,0.004142319783568382,0.586386618390418,2.5725399609655142e-05
0.159640833735466,,,0.002441209042444825,,,,,0.004509583115577698,adaptive,0.01990790106356144,0.0,0,0.004509583115577698,0,bump,,,,,0.022289147600531578,,3.334758730488829e-05
0.20493942499160767,,,0.07188862515613437,,0.9999158337090013,1.3309427929547632e-09,0.02410015649452269,0.004509583115577698,adaptive,0.0033512357622385025,0.0,0,0.004509583115577698,20,bump,0.9975212477498576,4.342008187463551e-08,0.0022311212960630655,,0.006786584388464689,0.9974870884081238,7.095489127095789e-05
0.2204737365245819,,,0.14392179204151034,,0.9998940251797772,4.3244433789359295e-11,0.0180490349504434,0.004509583115577698,adaptive,0.0008637759019620717,0.004529878031462431,0,0.009039461147040129,40,bump,0.7022135570019098,1.0640627136418656e-07,0.005909737665206194,,0.004606241825968027,0.6991418361015639,2.098059303534683e-05
0.2286047339439392,,,0.2172462921589613,,0.9999041006677073,7.579611632530218e-12,0.025039123630672927,0.004509583115577698,adaptive,0.00033860784606076777,0.008934796089306474,0,0.013444379204884171,60,bump,0.6222546200876485,7.040944950836357e-08,0.0025577498599886894,,0.004228586796671152,0.6218376953458189,1.8310283849132247e-05
0.22488395869731903,,,0.28964995918795466,,0.999908455369831,1.2558123441130622e-12,0.02535211267605634,0.004509583115577698,adaptive,0.0003312988264951855,0.01335496362298727,0,0.017864546738564968,80,bump,0.5022334898574553,6.118992144832998e-08,0.003711906261742115,,0.004157994873821735,0.5027410622643496,2.342003062949516e-05
0.22371414303779602,,,0.3626722090411931,,0.9998909252355082,7.330211272616265e-12,0.01742305685967658,0.004509583115577698,adaptive,0.0003356329398229718,0.017904925625771284,0,0.022414508741348982,100,bump,0.5830542447753567,3.7807963231711966e-08,0.005397212225943804,,0.004142319783568382,0.584955038349879,2.5813980755629018e-05
,,,0.001831374829635024,,,,,0.0,fp32,,0.0,0,0.0,0,composition,,,,,0.6026078462600708,,0.0
,,,0.017671458888798952,,0.9999999999999981,0.0,0.0,0.0,fp32,,0.0,0,0.0,20,composition,0.9999999999999981,0.0,0.5681691765785217,,0.5760631561279297,0.9999999999999981,0.0
,,,0.03319991682656109,,0.9999999999999986,0.0,0.0,0.0,fp32,,0.0,0,0.0,40,composition,0.9999999999999986,0.0,0.578583836555481,,0.5589556097984314,0.9999999999999986,0.0
,,,0.0488753339741379,,0.9999999999999998,0.0,0.0,0.0,fp32,,0.0,0,0.0,60,composition,0.9999999999999998,0.0,0.5442608594894409,,0.49505558609962463,0.9999999999999998,0.0
,,,0.06453879200853407,,0.9999999999999969,0.0,0.0,0.0,fp32,,0.0,0,0.0,80,composition,0.9999999999999969,0.0,0.3827805817127228,,0.3339073657989502,0.9999999999999969,0.0
,,,0.08002812485210598,,0.9999999999999969,0.0,0.0,0.0,fp32,,0.0,0,0.0,100,composition,0.9999999999999969,0.0,0.15689387917518616,,0.11989481002092361,0.9999999999999969,0.0
,,,0.002435416914522648,,,,,0.0,fixed-e4m3,,0.0,0,0.0,0,composition,,,,,0.6052455902099609,,0.0003191044961567968
,,,0.07112525007687509,,0.9996781155803348,2.9056851773370167e-09,0.00010432968179447053,0.0,fixed-e4m3,,0.0,0,0.0,20,composition,0.8923530893760399,1.4553386097352657e-06,0.5686914920806885,,0.5764569640159607,0.8928857746906115,0.00024735002079978585
,,,0.1388025840278715,,0.9995519326128032,7.745769175843848e-08,0.0,0.0,fixed-e4m3,,0.0,0,0.0,40,composition,0.9945037747389861,1.6436215753718886e-06,0.5799219608306885,,0.5599520206451416,0.9950546336887197,0.0004573659971356392
,,,0.20660874992609024,,0.9996479133181471,1.9800560303819086e-08,0.0,0.0,fixed-e4m3,,0.0,0,0.0,60,composition,0.9391834736539143,5.425582238162e-06,0.5459744930267334,,0.49642589688301086,0.9400575457278245,0.0006612964207306504
,,,0.27458116691559553,,0.99968092191741,3.321168261323753e-08,0.0,0.0,fixed-e4m3,,0.0,0,0.0,80,composition,0.9705896696960791,4.063331994739716e-06,0.3841647803783417,,0.3362393081188202,0.9705511452260848,0.0004288058844394982
,,,0.3430289998650551,,0.9996498523291274,3.10033191894443e-07,0.0,0.0,fixed-e4m3,,0.0,0,0.0,100,composition,0.9978792649782652,3.453356971903e-05,0.14610232412815094,,0.11953048408031464,0.9982433659069332,0.0009408305049873888
,,,0.0024172498378902674,,,,,0.0,fixed-e5m2,,0.0,0,0.0,0,composition,,,,,0.6019018292427063,,0.00027497735572978854
,,,0.07194941700436175,,0.99871822982887,1.441639833829352e-08,0.0,0.0,fixed-e5m2,,0.0,0,0.0,20,composition,0.770774203679063,4.019771740970759e-06,0.5685797333717346,,0.5761072635650635,0.7666827547131876,0.0012741426471620798
,,,0.14154016692191362,,0.9988486395701653,1.822245191592442e-07,0.0,0.0,fixed-e5m2,,0.0,0,0.0,40,composition,0.9878077717345486,1.9300624329636754e-06,0.5746012926101685,,0.5565446019172668,0.9884030451902432,0.0006777928210794926
,,,0.2096220829989761,,0.9985884303447302,6.220730954934342e-08,0.0,0.0,fixed-e5m2,,0.0,0,0.0,60,composition,0.9483503127735828,4.1717463597915e-06,0.5422589182853699,,0.49383002519607544,0.9488457260171981,0.0016272400971502066
,,,0.27744249999523163,,0.9986509376069982,1.0956946048858977e-07,0.0,0.0,fixed-e5m2,,0.0,0,0.0,80,composition,0.9630954322154679,3.1085412927449755e-06,0.38073670864105225,,0.3381270170211792,0.9639350876790188,0.001166985253803432
,,,0.34476220794022083,,0.9987668977830373,1.6333009640573244e-06,0.0,0.0,fixed-e5m2,,0.0,0,0.0,100,composition,0.9678460721298779,6.275176032447983e-05,0.16220012307167053,,0.125468909740448,0.9695360764362466,0.007510365452617407
,,,0.0023912920150905848,,,,,0.0,fixed-hybrid,,0.0,0,0.0,0,composition,,,,,0.6052455902099609,,0.0003191044961567968
,,,0.07061783294193447,,0.9981167328379653,1.8999160794062943e-08,0.0,0.0,fixed-hybrid,,0.0,0,0.0,20,composition,0.9544443768547386,7.792937891224873e-07,0.5687718987464905,,0.5766271352767944,0.9564394802347618,0.0001560695091029629
,,,0.13861299981363118,,0.9986862904129814,2.2871181089095445e-07,0.0,0.0,fixed-hybrid,,0.0,0,0.0,40,composition,0.9936339613767611,1.6252889025059661e-06,0.5800802707672119,,0.5598629713058472,0.9948878975222111,0.00042827543802559376
,,,0.2060469170100987,,0.9983539333320218,9.619805500556437e-08,0.0,0.0,fixed-hybrid,,0.0,0,0.0,60,composition,0.9432843562564087,5.806748978319957e-06,0.546619176864624,,0.496731162071228,0.9452428536213435,0.0008412129827775061
,,,0.2735142498277128,,0.9988908947985004,1.322270630201868e-07,0.0,0.0,fixed-hybrid,,0.0,0,0.0,80,composition,0.9805941924022284,2.8558544658007764e-06,0.38505780696868896,,0.33678948879241943,0.9812786888975789,0.0005816377233713865
,,,0.34121929202228785,,0.9987083368164331,9.929491625422121e-07,0.0,0.0,fixed-hybrid,,0.0,0,0.0,100,composition,0.996575217041862,1.7720466637218056e-05,0.14183412492275238,,0.11941725015640259,0.9977580542168535,0.001106566982343793
,,,0.002423957921564579,,,,,0.0045250828843563795,calibrated,,0.0,0,0.0045250828843563795,0,composition,,,,,0.6004446148872375,,0.00011746597738238052
,,,0.07134979194961488,,0.999895157723589,1.274743997702482e-09,0.01596244131455399,0.0045250828843563795,calibrated,,0.0,0,0.0045250828843563795,20,composition,0.9831362940311539,1.7548116616325234e-07,0.5682175159454346,,0.5760263800621033,0.9830940503522239,4.949272988596931e-05
,,,0.13885037507861853,,0.9999356578905517,1.0099124164865629e-08,0.012519561815336464,0.0045250828843563795,calibrated,,0.0,0,0.0045250828843563795,40,composition,0.9991642328706334,2.3618009549093674e-07,0.5759732127189636,,0.5564126968383789,0.9992601852704912,1.6347628843504936e-05
,,,0.2077118749730289,,0.9999174000512822,4.9331029334063085e-09,0.012206572769953052,0.0045250828843563795,calibrated,,0.0,0,0.0045250828843563795,60,composition,0.9941790896702711,5.260166957878841e-07,0.5409402847290039,,0.4897105097770691,0.9942329341411199,0.00010844110511243343
,,,0.27694820798933506,,0.9999288910239482,7.887467358060517e-09,0.013562858633281168,0.0045250828843563795,calibrated,,0.0,0,0.0045250828843563795,80,composition,0.9982051469176604,2.0538326981834574e-07,0.3694199025630951,,0.322170227766037,0.9983115388608574,0.00010818475857377052
,,,0.3460578329395503,,0.9999143025054165,5.315048789643221e-08,0.013458528951486698,0.0045250828843563795,calibrated,,0.0,0,0.0045250828843563795,100,composition,0.9949741793644639,1.5041526750614485e-05,0.13418054580688477,,0.12581907212734222,0.994996984346691,0.00016761447477620095
,,,0.0024330830201506615,,,,,0.0045250828843563795,adaptive,,0.0,0,0.0045250828843563795,0,composition,,,,,0.6004446148872375,,0.00011746597738238052
,,,0.07216991716995835,,0.999895157723589,1.274743997702482e-09,0.01596244131455399,0.0045250828843563795,adaptive,,0.0,0,0.0045250828843563795,20,composition,0.9831362940311539,1.7548116616325234e-07,0.5682175159454346,,0.5760263800621033,0.9830940503522239,4.949272988596931e-05
,,,0.14804650004953146,,0.9999356578905517,1.0099124164865629e-08,0.012519561815336464,0.0045250828843563795,adaptive,,0.0044550837483257055,0,0.008980166632682085,40,composition,0.9991638187083639,2.396725992717734e-07,0.5759732127189636,,0.5564126968383789,0.9992595257570462,1.661120586504694e-05
,,,0.22143858298659325,,0.9999174000512822,4.9331029334063085e-09,0.012206572769953052,0.0045250828843563795,adaptive,,0.008975957753136754,0,0.013501040637493134,60,composition,0.9939950022474909,5.416248161643025e-07,0.5409402847290039,,0.4897105097770691,0.9940491571028572,0.00011141598952235654
,,,0.2940940000116825,,0.9999288910239482,7.887467358060517e-09,0.013562858633281168,0.0045250828843563795,adaptive,,0.013316455530002713,0,0.017841538414359093,80,composition,0.9982283505039515,2.0424413257962564e-07,0.3694199025630951,,0.322170227766037,0.9983349505686123,0.00010669201583368704
,,,0.3670289581641555,,0.9999143025054165,5.315048789643221e-08,0.013458528951486698,0.0045250828843563795,adaptive,,0.017777702305465937,0,0.022302785189822316,100,composition,0.9951004060340316,1.4965021249733713e-05,0.13418054580688477,,0.12581907212734222,0.9951236098695728,0.00016611012688372284
