bump_region_mse,detail_amplitude,detail_amplitude_error,detail_component_relative_mse,elapsed_seconds,flat_region_mse,gradient_rounding_cosine,gradient_rounding_mse,gradient_zeroed_fraction,initial_calibration_seconds,mode,outside_bump_mse,relative_to_constant_mse,reselection_seconds,seed,selection_seconds,step,target,target_variance,total_gradient_cosine,total_gradient_mse,training_loss,transition_mse,validation_mse,weight_rounding_gradient_cosine,weight_rounding_output_mse
,,,,1.5000384158920497,,0.9999999999999984,0.0,0.0,0.0,fp32,,1.319043803960085e-06,0.0,0,0.0,2000,linear,0.4296875,0.9999999999999984,0.0,6.915431640663883e-07,,5.66776634514099e-07,0.9999999999999984,0.0
,,,,10.323738874867558,,0.9997532809267553,8.391116878613806e-12,0.0,0.0,fixed-e4m3,,1.7490588255565275e-05,0.0,0,0.0,2000,linear,0.4296875,-0.9432570885402115,7.581303211056491e-07,4.074229764228221e-06,,7.515487141063204e-06,-0.9450060743579758,0.00014830620784778148
,,,,10.134691749932244,,0.9987998170165301,1.3180240675717444e-12,0.0,0.0,fixed-e5m2,,2.9804163866422392e-06,0.0,0,0.0,2000,linear,0.4296875,0.6709757178689842,5.356579588485583e-06,9.750879144121427e-07,,1.2806476661353372e-06,0.6656558628601064,0.0015039429999887943
,,,,9.241236999863759,,0.9988649664029432,6.069056077692523e-13,0.0,0.0,fixed-hybrid,,1.617822139947252e-06,0.0,0,0.0,2000,linear,0.4296875,0.6844144607799765,1.2710539761331613e-07,7.365103442680265e-07,,6.951579507585848e-07,0.67987065957852,3.5734843550017104e-05
,,,,8.570320874918252,,0.9999278641249109,1.2778101011117726e-12,0.019196661450182576,0.009513334138318896,calibrated,,2.62992451263761e-06,0.0,0,0.009513334138318896,2000,linear,0.4296875,0.9605005158619973,3.103694922800139e-07,2.6304535367671633e-06,,1.130045689023973e-06,0.9599704894945611,7.18117953510955e-05
,,,,8.701244625030085,,0.9999278641249109,1.2778101011117726e-12,0.019196661450182576,0.009513334138318896,adaptive,,2.62992451263761e-06,0.10014251247048378,0,0.10965584660880268,2000,linear,0.4296875,0.9607829391941581,3.0809997744971466e-07,2.6304535367671633e-06,,1.130045689023973e-06,0.9602552380907293,7.13656991138123e-05
,,,,1.3562335001770407,,0.9999999999999993,0.0,0.0,0.0,fp32,,1.3678600524587096e-05,0.0,0,0.0,2000,kink,0.11517699807882309,0.9999999999999993,0.0,1.9815468021988636e-06,4.700093086285051e-06,1.5754601463413564e-06,0.9999999999999993,0.0
,,,,8.508299167035148,,0.9996267438302558,7.864056568317096e-13,0.00010432968179447053,0.0,fixed-e4m3,,3.2495640496184776e-05,0.0,0,0.0,2000,kink,0.11517699807882309,-0.28471211147993664,2.837940806088122e-06,2.6857728698814753e-06,8.586785043007694e-06,3.7427503229992e-06,-0.28650461419201384,0.000981727265752852
,,,,8.40619729203172,,0.9987409102096891,1.3542174684030877e-10,0.0,0.0,fixed-e5m2,,0.0002176193588595117,0.0,0,0.0,2000,kink,0.11517699807882309,-0.6005046397138586,2.54733291955169e-06,2.0121035049669445e-05,2.3387598048429936e-05,2.506474447727669e-05,-0.6042841591116109,0.0008872305625118315
,,,,8.556295624934137,,0.9984526071194535,2.666435917227965e-12,0.0,0.0,fixed-hybrid,,1.8310108619473373e-05,0.0,0,0.0,2000,kink,0.11517699807882309,0.353272163963754,2.9610220024736486e-06,2.054609012702713e-06,4.173665274720406e-06,2.1089033452881267e-06,0.35278484709927205,0.0010431889677420259
,,,,8.848898333963007,,0.9998587679192349,2.856487395885687e-13,0.019092331768388107,0.005409125005826354,calibrated,,3.612408039682063e-05,0.0,0,0.005409125005826354,2000,kink,0.11517699807882309,0.12929155270261847,1.9071158997571868e-07,2.1599164483632194e-06,4.685043677454814e-06,4.16066313846386e-06,0.1275211942168278,6.093966294429265e-05
,,,,8.784541707951576,,0.9998939901937474,2.5960764685638544e-11,0.015336463223787167,0.005409125005826354,adaptive,,6.718450116351646e-05,0.09945229161530733,0,0.10486141662113369,2000,kink,0.11517699807882309,0.2746922050971575,1.6775345848483187e-07,3.098849265370518e-05,6.069660230423324e-06,7.738109161437023e-06,0.27308822934064103,5.3743049647891894e-05
,,,,1.381804833188653,8.403059473494068e-05,0.9999999999999993,0.0,0.0,0.0,fp32,,8.879899105968873e-05,0.0,0,0.0,2000,plateau,0.8359577059745789,0.9999999999999993,0.0,6.915853737154976e-05,3.311036198283546e-05,7.423220085911453e-05,0.9999999999999993,0.0
,,,,8.407944957958534,6.819287227699533e-05,0.9997057211756782,3.552103714792857e-11,0.0,0.0,fixed-e4m3,,7.517354020155678e-05,0.0,0,0.0,2000,plateau,0.8359577059745789,0.11841006313360522,1.9238693469225594e-06,1.8469187125447206e-05,4.0384951716987416e-05,6.284190021688119e-05,0.12076930736784648,0.00037203787360340357
,,,,8.548532417044044,1.7179108908749186e-05,0.9984970055915151,3.496567874347909e-10,0.0,0.0,fixed-e5m2,,7.125944705353355e-05,0.0,0,0.0,2000,plateau,0.8359577059745789,0.523851235262608,7.958579081315683e-06,6.584257789654657e-05,0.00023747561499476433,5.9569883887888864e-05,0.519444633431839,0.0009347370942123234
,,,,8.828923833090812,5.136438267072663e-05,0.9989281526073468,7.830728864931099e-10,0.0,0.0,fixed-hybrid,,5.567682559311048e-05,0.0,0,0.0,2000,plateau,0.8359577059745789,-0.6968136747254825,3.4034841482607047e-06,3.6281897337175906e-05,2.6311055989935994e-05,4.654347139876336e-05,-0.6992278140174033,0.00039057323010638356
,,,,8.772040541982278,0.00018777159857563674,0.9998989675564139,1.6317438166549263e-10,0.012832550860719875,0.0052729579620063305,calibrated,,0.00022442002411552321,0.0,0,0.0052729579620063305,2000,plateau,0.8359577059745789,0.7509086322205869,4.624429677304982e-07,6.058487997506745e-05,0.00018690920842345804,0.00018760564853437245,0.7516164463462455,0.00010489831038285047
,,,,9.202484625158831,0.00018777159857563674,0.9998993221430983,1.629326325651857e-10,0.012832550860719875,0.0052729579620063305,adaptive,,0.00022442002411552321,0.10151350172236562,0,0.10678645968437195,2000,plateau,0.8359577059745789,0.7265487267353955,4.497223369945862e-07,6.058487997506745e-05,0.00018690920842345804,0.00018760564853437245,0.7273292458139128,0.00010295295942341909
,1.338208676315844e-05,0.009986617913236842,1.7903382431218002,1.496738666901365,,0.9999999999999992,0.0,0.0,0.0,fp32,,0.001313904518154041,0.0,0,0.0,2000,detail,0.49235692620277405,0.9999999999999992,0.0,0.0005826061824336648,,0.0006469099898822606,0.9999999999999992,0.0
,-0.0004284218593966216,0.010428421859396622,4.909112999200376,8.571808457840234,,0.9995422051590204,9.470482990743983e-09,0.00020865936358894105,0.0,fixed-e4m3,,0.0032864312471426096,0.0,0,0.0,2000,detail,0.49235692620277405,0.547713692023237,2.902627809198134e-05,0.0014968735631555319,,0.0016180971870198846,0.5482568409492007,0.002979016164317727
,0.00020303981727920473,0.009796960182720795,2.4600279307218487,7.785324499942362,,0.9985475573326219,2.998836098982323e-08,0.0,0.0,fixed-e5m2,,0.0017683165326125795,0.0,0,0.0,2000,detail,0.49235692620277405,0.794783273877735,0.0001502677049302255,0.0006868471391499043,,0.0008706428925506771,0.7950549385239433,0.0075364927761256695
,-0.0014684706693515182,0.011468470669351518,6.37569397205047,8.98309229197912,,0.9987006317718135,1.658866464193086e-08,0.0,0.0,fixed-hybrid,,0.0022199433434708835,0.0,0,0.0,2000,detail,0.49235692620277405,0.6733058484349365,0.00014614317464260008,0.0010266881436109543,,0.0010930044809356332,0.6742410392905501,0.005154751241207123
,7.372150139417499e-05,0.009926278498605825,2.5397906832744166,8.673723499989137,,0.9999090638901755,5.161856465737481e-09,0.020448617631716223,0.005373750114813447,calibrated,,0.003590170591910528,0.0,0,0.005373750114813447,2000,detail,0.49235692620277405,0.942399758279175,8.571356749701091e-06,0.0014486294239759445,,0.0017676453571766615,0.9421710977922958,0.0010092239826917648
,0.0006079254671931267,0.009392074532806874,3.0688286962262246,7.698516834061593,,0.9999112430707757,7.142734596187069e-09,0.01992696922274387,0.005373750114813447,adaptive,,0.0026438842209228065,0.09439370897598565,0,0.0997674590907991,2000,detail,0.49235692620277405,0.85703896712562,1.291286414446666e-05,0.0014886150602251291,,0.001301734708249569,0.8563124167461439,0.0005833238246850669
0.00694580702111125,,,,1.2786563748959452,,0.9999999999999987,0.0,0.0,0.0,fp32,0.0003106495423708111,0.09076627586210337,0.0,0,0.0,2000,bump,0.004668275360018015,0.9999999999999987,0.0,0.00021306576672941446,,0.00042372196912765503,0.9999999999999987,0.0
0.011450500227510929,,,,7.599626792129129,,0.9996516078555437,4.941387092740382e-10,0.0004173187271778821,0.0,fixed-e4m3,0.0005490833427757025,0.1574155153418264,0.0,0,0.0,2000,bump,0.004668275360018015,0.7060104650235324,7.546667587152861e-07,0.000214024301385507,,0.000734858971554786,0.7097152076090876,0.0002884610730689019
0.015151272527873516,,,,7.865105458069593,,0.9985206741452396,1.521867692926522e-08,0.0,0.0,fixed-e5m2,0.0005643784534186125,0.17414565221402997,0.0,0,0.0,2000,bump,0.004668275360018015,0.46226487167182845,1.3259206648994506e-05,0.0018635656451806426,,0.0008129598572850227,0.45634708296203996,0.0031661672983318567
0.0161293875426054,,,,7.78728049993515,,0.9984845994058221,4.36508415330232e-08,0.0,0.0,fixed-hybrid,0.0005756744649261236,0.18009474022311123,0.0,0,0.0,2000,bump,0.004668275360018015,0.9554792020438945,1.2631466031291037e-06,0.0016752271912992,,0.0008407318382523954,0.9576300229733609,0.00036311938310973346
0.012608095072209835,,,,7.711925166891888,,0.9999089365974483,1.47270036600736e-10,0.030985915492957747,0.005301416851580143,calibrated,0.00034410523949190974,0.1184808023305631,0.0,0,0.005301416851580143,2000,bump,0.004668275360018015,0.5734182434893185,6.585504232785129e-07,0.0003590160340536386,,0.0005531010101549327,0.5730534438099038,0.00017068770830519497
0.012608095072209835,,,,8.145162584027275,,0.9999089365974483,1.47270036600736e-10,0.030985915492957747,0.005301416851580143,adaptive,0.00034410523949190974,0.1184808023305631,0.09991312213242054,0,0.10521453898400068,2000,bump,0.004668275360018015,0.5639278555542993,6.723421753125499e-07,0.0003590160340536386,,0.0005531010101549327,0.5635596132353631,0.00017201053560711443
,,,,1.2715908328536898,,0.9999999999999983,0.0,0.0,0.0,fp32,,0.0014874547170963181,0.0,0,0.0,2000,composition,0.7234727740287781,0.9999999999999983,0.0,0.0007256100652739406,,0.0010761329904198647,0.9999999999999983,0.0
,,,,7.5532459588721395,,0.9996146886666825,3.1079137841934296e-08,0.0,0.0,fixed-e4m3,,0.009553648294769283,0.0,0,0.0,2000,composition,0.7234727740287781,-0.5410083299419803,8.453208589767672e-05,0.0022430764511227608,,0.006911804433912039,-0.54053499503728,0.0016294346423819661
,,,,8.575210874900222,,0.998707208622397,1.183239658461042e-06,0.0,0.0,fixed-e5m2,,0.009782049108701955,0.0,0,0.0,2000,composition,0.7234727740287781,0.6194057066767178,0.0007406752550639668,0.012776153162121773,,0.007077046204358339,0.6210941934751569,0.04355097562074661
,,,,8.83749191602692,,0.9986011865457018,1.5267792887467318e-07,0.0,0.0,fixed-hybrid,,0.0012175565144458343,0.0,0,0.0,2000,composition,0.7234727740287781,0.2708627784035708,0.00014747674940400221,0.002261238871142268,,0.0008808689890429378,0.2763349641689935,0.0027023940347135067
,,,,8.534922583028674,,0.9999047695712804,3.359479424690342e-09,0.038601982263954095,0.0052529999520629644,calibrated,,0.0065594030524658425,0.0,0,0.0052529999520629644,2000,composition,0.7234727740287781,0.28316030997555874,2.984338400702357e-05,0.001686237519606948,,0.004745549522340298,0.2840535858097512,0.0018236038740724325
,,,,8.866164958104491,,0.9998977743024927,2.391000459507924e-09,0.034533124673969746,0.0052529999520629644,adaptive,,0.002302103639117904,0.10113204643130302,0,0.10638504638336599,2000,composition,0.7234727740287781,0.644005811397592,1.7759815407547836e-05,0.0011237552389502525,,0.0016655093058943748,0.6431732826661537,0.0009516913560219109
,,,,1.4941016661468893,,0.9999999999999989,0.0,0.0,0.0,fp32,,3.6335306834768165e-06,0.0,1,0.0,2000,linear,0.4296875,0.9999999999999989,0.0,1.4953932350181276e-06,,1.5612827155564446e-06,0.9999999999999989,0.0
,,,,10.197559542022645,,0.9996794512874202,1.9448774250909586e-12,0.00031298904538341156,0.0,fixed-e4m3,,4.511269825426015e-05,0.0,1,0.0,2000,linear,0.4296875,-0.8819951167714303,8.651218648888618e-07,2.3816035081836162e-06,,1.9384362531127408e-05,-0.8815487508691027,0.0001501544757047668
,,,,10.084934582933784,,0.9989692715155825,8.312949675283793e-13,0.0,0.0,fixed-e5m2,,4.9676941919394515e-06,0.0,1,0.0,2000,linear,0.4296875,-0.007280478090253148,3.198503259694746e-06,1.972206518985331e-06,,2.134556098098983e-06,-0.008941817877798484,0.0009020759025588632
,,,,9.315217333845794,,0.9986489603489519,4.870327147698718e-12,0.0,0.0,fixed-hybrid,,8.260699475861408e-06,0.0,1,0.0,2000,linear,0.4296875,0.8736450563357935,1.5339393567224468e-06,2.1480930172401713e-06,,3.549519306034199e-06,0.8729639792092401,0.00030627314117737114
,,,,8.373145624995232,,0.999935072746847,4.7112844224437434e-14,0.013980177360459051,0.00977170909754932,calibrated,,3.945269484326921e-06,0.0,1,0.00977170909754932,2000,linear,0.4296875,0.8454808841450326,5.856961632149026e-07,1.5289667771867244e-06,,1.6952329815467237e-06,0.845550865681482,0.00010164913692278787
,,,,8.491520040901378,,0.999935072746847,4.7112844224437434e-14,0.013980177360459051,0.00977170909754932,adaptive,,3.945269484326921e-06,0.09802132658660412,1,0.10779303568415344,2000,linear,0.4296875,0.8457432820327676,5.798678661738685e-07,1.5289667771867244e-06,,1.6952329815467237e-06,0.8458130114121707,0.00010072800068883225
,,,,1.3203882498200983,,0.9999999999999993,0.0,0.0,0.0,fp32,,3.520002454129874e-05,0.0,1,0.0,2000,kink,0.11517699807882309,0.9999999999999993,0.0,1.0491196007933468e-05,6.816570476075867e-06,4.0542331589676905e-06,0.9999999999999993,0.0
,,,,8.584383665816858,,0.9996292668574026,2.5412596877158495e-12,0.0004173187271778821,0.0,fixed-e4m3,,3.153373870957742e-05,0.0,1,0.0,2000,kink,0.11517699807882309,0.8187881428157461,2.753705666483395e-07,4.501321200223174e-06,6.725819275743561e-06,3.631961362771108e-06,0.8149994036328055,0.00010341920278733596
,,,,8.46111241588369,,0.9988862754744242,3.255421746946526e-10,0.0,0.0,fixed-e5m2,,0.0006723173326454294,0.0,1,0.0,2000,kink,0.11517699807882309,0.6755654813767774,9.529655922646702e-07,0.00010021005437010899,8.363725646631792e-05,7.743549213046208e-05,0.6700395203875771,0.00038676103577017784
,,,,8.60601079207845,,0.9984648946844762,1.0540057429174632e-10,0.0,0.0,fixed-hybrid,,2.2471625170407645e-05,0.0,1,0.0,2000,kink,0.11517699807882309,-0.5643097291850616,1.5619675693689508e-06,1.8956905478262343e-05,7.1808808570494875e-06,2.588214329080074e-06,-0.5615521710854318,0.0004491320869419724
,,,,8.73936808318831,,0.999909125383076,2.0322848670755608e-11,0.010641627543035994,0.005735999904572964,calibrated,,0.0003375007863646552,0.0,1,0.005735999904572964,2000,kink,0.11517699807882309,0.9372683857403867,1.4439764163362478e-08,3.0076536859269254e-05,2.641459650476463e-05,3.8872327422723174e-05,0.9378475908324433,1.278594027098734e-05
,,,,8.939786541974172,,0.999909125383076,2.0322848670755608e-11,0.010641627543035994,0.005735999904572964,adaptive,,0.0003375007863646552,0.10041803657077253,1,0.10615403647534549,2000,kink,0.11517699807882309,0.9109110375813875,1.931504463292644e-08,3.0076536859269254e-05,2.641459650476463e-05,3.8872327422723174e-05,0.9115703698306682,1.6295045497827232e-05
,,,,1.3768567079678178,1.553812762722373e-05,0.9999999999999993,0.0,0.0,0.0,fp32,,2.3183413873657552e-05,0.0,1,0.0,2000,plateau,0.8359577059745789,0.9999999999999993,0.0,2.8163442038930953e-05,3.550541805452667e-05,1.9380353478481993e-05,0.9999999999999993,0.0
,,,,8.559460999909788,2.4289027351187542e-05,0.9996813655381882,1.5153290120691042e-10,0.00020865936358894105,0.0,fixed-e4m3,,3.9083434580980426e-05,0.0,1,0.0,2000,plateau,0.8359577059745789,0.9331761929191762,1.163066969738842e-05,3.5484936233842745e-05,6.785419100197032e-05,3.2672098313923925e-05,0.933979758512559,0.0013208773452788591
,,,,8.444096375023946,1.877891736512538e-05,0.9987163900062167,9.291081322680423e-11,0.0,0.0,fixed-e5m2,,3.445621364082003e-05,0.0,1,0.0,2000,plateau,0.8359577059745789,0.018528848189205856,2.4450334431725854e-05,1.4924538845662028e-05,7.087695121299475e-05,2.8803937311749905e-05,0.02132310003952262,0.003785987151786685
,,,,8.662393833976239,8.59635038068518e-05,0.99867946734893,3.5387618009664873e-10,0.0,0.0,fixed-hybrid,,0.00010020311719142322,0.0,1,0.0,2000,plateau,0.8359577059745789,0.005374396355851882,4.2670070956673146e-06,2.776872497634031e-05,7.454126898664981e-05,8.376556797884405e-05,0.012986018374580239,0.0006222599186003208
,,,,8.573360583977774,5.010155291529372e-05,0.9999135518110114,1.0145421984969348e-11,0.017527386541471048,0.005715582985430956,calibrated,,7.146840641733014e-05,0.0,1,0.005715582985430956,2000,plateau,0.8359577059745789,0.906703804635478,7.792155236195831e-07,2.331619725737255e-05,0.00010021437628893182,5.974456507829018e-05,0.9070396969864004,0.00019388116197660565
,,,,9.019149624975398,5.010155291529372e-05,0.9999053368127022,1.1129794621696536e-11,0.017527386541471048,0.005715582985430956,adaptive,,7.146840641733014e-05,0.09787858626805246,1,0.10359416925348341,2000,plateau,0.8359577059745789,0.906373239762951,7.839854247077153e-07,2.331619725737255e-05,0.00010021437628893182,5.974456507829018e-05,0.9065199177657741,0.00019465612422209233
,0.00023332009732257575,0.009766679902677424,1.3620110969873451,1.6305262921378016,,0.9999999999999983,0.0,0.0,0.0,fp32,,0.0010846245338137351,0.0,1,0.0,2000,detail,0.49235692620277405,0.9999999999999983,0.0,0.0006283407565206289,,0.0005340224015526474,0.9999999999999983,0.0
,0.0008378074853681028,0.009162192514631897,2.0108043417109958,8.560437208972871,,0.9996210776590713,3.984423095982452e-08,0.00010432968179447053,0.0,fixed-e4m3,,0.0015402730372766817,0.0,1,0.0,2000,detail,0.49235692620277405,0.8849317005174606,1.1516981595956464e-05,0.0026344882789999247,,0.0007583640981465578,0.8859866242436916,0.001926644705235958
,-0.0010162218241021037,0.011016221824102104,3.3335666729349023,7.734588457969949,,0.998702871020131,5.931613693345495e-09,0.0,0.0,fixed-e5m2,,0.001589663437297395,0.0,1,0.0,2000,detail,0.49235692620277405,0.8055957879570732,0.00013917035846319048,0.0005173512035980821,,0.0007826818036846817,0.8060200918209173,0.025318855419754982
,-0.00040326383896172047,0.01040326383896172,2.0264684195995004,8.863691915990785,,0.9984707787270799,2.0533765065798216e-08,0.0,0.0,fixed-hybrid,,0.001693100193592824,0.0,1,0.0,2000,detail,0.49235692620277405,-0.6397411810720867,3.147436648449078e-05,0.000627978821285069,,0.0008336096070706844,-0.6398740229519938,0.0024554096162319183
,-0.0009525423520244658,0.010952542352024466,4.234369960621911,8.465557249961421,,0.9999157892852462,1.2748915164512273e-09,0.015440792905581638,0.009231166914105415,calibrated,,0.0012372015313447803,0.0,1,0.009231166914105415,2000,detail,0.49235692620277405,0.6240142297515603,5.585124928757529e-06,0.0005620598094537854,,0.0006091447430662811,0.6233291096621193,0.0004275051469448954
,0.000550063094124198,0.009449936905875802,2.154930208981188,7.718154791975394,,0.9999113688506759,5.090683895710025e-10,0.020865936358894107,0.009231166914105415,adaptive,,0.0008840704861087782,0.09406471904367208,1,0.1032958859577775,2000,detail,0.49235692620277405,0.34227482108241575,4.269069906383432e-06,0.0004286582407075912,,0.0004352782270871103,0.34232482203716835,0.0004637523670680821
0.03305326774716377,,,,1.2584805830847472,,0.999999999999997,0.0,0.0,0.0,fp32,0.0005655806744471192,0.23974957219643403,0.0,1,0.0,2000,bump,0.004668275360018015,0.999999999999997,0.0,0.00020027661230415106,,0.0011192170204594731,0.999999999999997,0.0
0.03766556829214096,,,,7.537692833924666,,0.9996312582122271,6.1697426846795e-10,0.0,0.0,fixed-e4m3,0.0006168908439576626,0.2673905952541859,0.0,1,0.0,2000,bump,0.004668275360018015,0.2117279359484055,5.624303249845412e-06,0.00037021166644990444,,0.001248252927325666,0.21451985734499424,0.0008906906587071717
0.03095061331987381,,,,7.753403707873076,,0.9985538141094845,2.3719059134781527e-09,0.0,0.0,fixed-e5m2,0.0012338828528299928,0.3727924912057751,0.0,1,0.0,2000,bump,0.004668275360018015,0.15574001333555684,6.1640917503400125e-06,0.0004493868909776211,,0.0017402980010956526,0.14982691499913992,0.0018873248482123017
0.045242857187986374,,,,7.534728500060737,,0.9988039608239712,4.202358957245609e-09,0.0,0.0,fixed-hybrid,0.0007258116384036839,0.31798580455249825,0.0,1,0.0,2000,bump,0.004668275360018015,0.7479617697181652,5.566191189979384e-06,0.0006688777939416468,,0.001484445296227932,0.7473847599887655,0.001034437445923686
0.03482111170887947,,,,7.744361917022616,,0.9999117975287425,3.2840754593912853e-10,0.018257694314032343,0.0051597910933196545,calibrated,0.000500962371006608,0.23259693597385347,0.0,1,0.0051597910933196545,2000,bump,0.004668275360018015,0.986123924829417,5.61175846656181e-08,0.00038137787487357855,,0.001085826545022428,0.9862387248612833,5.6647379096830264e-05
0.04002238065004349,,,,7.976756291929632,,0.9998889249206364,6.735927085882379e-10,0.01596244131455399,0.0051597910933196545,adaptive,0.00038170572952367365,0.2264731480008319,0.09762924537062645,1,0.1027890364639461,2000,bump,0.004668275360018015,0.8056158578736689,1.08785256157531e-06,0.0005260678008198738,,0.0010572390165179968,0.8065282472336305,0.0001062423107214272
,,,,1.3075695419684052,,0.9999999999999971,0.0,0.0,0.0,fp32,,0.0003617209244336254,0.0,1,0.0,2000,composition,0.7234727740287781,0.9999999999999971,0.0,0.000438497809227556,,0.000261695240624249,0.9999999999999971,0.0
,,,,7.464162249816582,,0.999687779113033,1.0028393969053581e-09,0.0,0.0,fixed-e4m3,,0.0007625735924422503,0.0,1,0.0,2000,composition,0.7234727740287781,-0.728002350808073,7.117547397751913e-05,0.00039924023440107703,,0.0005517012323252857,-0.7288295517143281,0.002034917240962386
,,,,8.39326124987565,,0.9988309637498339,7.61060752161628e-08,0.0,0.0,fixed-e5m2,,0.003976482539054046,0.0,1,0.0,2000,composition,0.7234727740287781,0.4014342249173433,0.00019244135519591856,0.0020791268907487392,,0.0028768768534064293,0.40098626582303,0.0142893698066473
,,,,8.929055500077084,,0.9986420701455467,2.570962756854654e-08,0.0,0.0,fixed-hybrid,,0.0007393573957575632,0.0,1,0.0,2000,composition,0.7234727740287781,0.6249142797632097,8.374437011981727e-06,0.0008801727090030909,,0.0005349049461074173,0.6251609529847245,0.001518312026746571
,,,,8.410434750141576,,0.9999248887079814,2.0957219406009846e-09,0.01606677099634846,0.005879415897652507,calibrated,,0.0006627712534341929,0.0,1,0.005879415897652507,2000,composition,0.7234727740287781,0.9298457609247796,3.5153754711379786e-06,0.0007031784043647349,,0.0004794969572685659,0.9296153452551292,0.00048520692507736385
,,,,8.875266707967967,,0.9999118903902952,4.5431515701623167e-10,0.015440792905581638,0.005879415897652507,adaptive,,0.0008935254027553377,0.10336036328226328,1,0.10923977917991579,2000,composition,0.7234727740287781,-0.2678543542010104,1.2292805039179152e-05,0.0003150220727548003,,0.0006464413017965853,-0.26741111798004313,0.0007663952419534326
,,,,1.5041860409546643,,0.999999999999998,0.0,0.0,0.0,fp32,,3.0865353024141355e-06,0.0,2,0.0,2000,linear,0.4296875,0.999999999999998,0.0,1.4054480743652675e-06,,1.3262456377560738e-06,0.999999999999998,0.0
,,,,10.509604207938537,,0.999570858344556,1.4847950400232172e-12,0.00010432968179447053,0.0,fixed-e4m3,,1.6767140054567292e-05,0.0,2,0.0,2000,linear,0.4296875,-0.6282741193871522,5.314379916070066e-07,4.345793058746494e-06,,7.204630492196884e-06,-0.6272145800746635,0.00026425151736475527
,,,,10.152971707982942,,0.9985646539273835,1.4288414764119047e-11,0.0,0.0,fixed-e5m2,,7.784531705758788e-06,0.0,2,0.0,2000,linear,0.4296875,-0.6980294747460056,1.6284564388048346e-05,3.4384670470899437e-06,,3.3449159673182294e-06,-0.7012687462909485,0.00302474619820714
,,,,9.288298584055156,,0.9987657293183068,1.4123137576660725e-10,0.0,0.0,fixed-hybrid,,3.7370914254676214e-05,0.0,2,0.0,2000,linear,0.4296875,0.7578249801024239,8.401614234859321e-07,1.3389684681897052e-05,,1.6057814718806185e-05,0.7580426942559251,0.00019267511379439384
,,,,8.589930874994025,,0.9999330726320976,1.1167600563353022e-13,0.01596244131455399,0.010131750022992492,calibrated,,5.367573943327774e-06,0.0,2,0.010131750022992492,2000,linear,0.4296875,-0.8166591190237802,4.458050396193203e-08,1.8124144389730645e-06,,2.3063794287736528e-06,-0.8174916321342055,2.116724499501288e-05
,,,,8.696289541898295,,0.9999330726320976,1.1167600563353022e-13,0.01596244131455399,0.010131750022992492,adaptive,,5.367573943327774e-06,0.09858047449961305,2,0.10871222452260554,2000,linear,0.4296875,-0.782369758111284,5.165670730876184e-08,1.8124144389730645e-06,,2.3063794287736528e-06,-0.7831440064675679,2.2309204723569565e-05
,,,,1.3595411661081016,,0.9999999999999982,0.0,0.0,0.0,fp32,,1.5597401667601476e-05,0.0,2,0.0,2000,kink,0.11517699807882309,0.9999999999999982,0.0,1.3017390756431269e-06,3.0762969345232705e-06,1.7964619019039674e-06,0.9999999999999982,0.0
,,,,8.586937708081678,,0.9995822780834458,7.133010651204102e-11,0.00020865936358894105,0.0,fixed-e4m3,,0.00023644924840418512,0.0,2,0.0,2000,kink,0.11517699807882309,0.7722791097009424,2.658857164263203e-07,3.699328954098746e-05,2.240056164737325e-05,2.7233514629187994e-05,0.7734770292980755,0.00011623425234574825
,,,,8.469481583917513,,0.9990086253478276,5.065607189992404e-10,0.0,0.0,fixed-e5m2,,0.00016229232291391406,0.0,2,0.0,2000,kink,0.11517699807882309,0.9860690991766646,2.293093559276996e-06,7.818943413440138e-05,1.763027103152126e-05,1.8692342564463615e-05,0.9868619609700804,0.0006930110976099968
,,,,8.458911125082523,,0.9986939069124514,4.443770671687126e-10,0.0,0.0,fixed-hybrid,,0.0006129650578764386,0.0,2,0.0,2000,kink,0.11517699807882309,0.9828639139913782,4.435621306313729e-08,4.497054760577157e-05,4.117552452953532e-05,7.059947529342026e-05,0.9845607291793449,3.7960569898132235e-05
,,,,8.745842915959656,,0.9999298935484913,2.285371925135272e-11,0.01377151799687011,0.005479458952322602,calibrated,,0.0009256676882803608,0.0,2,0.005479458952322602,2000,kink,0.11517699807882309,0.873538812368456,4.2324221563916866e-08,4.087652268935926e-05,9.398609108757228e-05,0.00010661562555469573,0.8735961018550595,5.0943133828695863e-05
,,,,8.948609291110188,,0.9999298935484913,2.285371925135272e-11,0.01377151799687011,0.005479458952322602,adaptive,,0.0009256676882803608,0.10316129005514085,2,0.10864074900746346,2000,kink,0.11517699807882309,0.8731632319638732,4.166609687452421e-08,4.087652268935926e-05,9.398609108757228e-05,0.00010661562555469573,0.8732236531184121,5.025849532103166e-05
,,,,1.4096392500214279,4.285830982553307e-06,0.9999999999999994,0.0,0.0,0.0,fp32,,2.5527417800018064e-05,0.0,2,0.0,2000,plateau,0.8359577059745789,0.9999999999999994,0.0,5.035877620684914e-05,9.291215246776119e-05,2.133984162355773e-05,0.9999999999999994,0.0
,,,,8.635903416899964,0.00012204638187540695,0.9996376264765716,3.4599475288249306e-10,0.00020865936358894105,0.0,fixed-e4m3,,0.0001320488010129229,0.0,2,0.0,2000,plateau,0.8359577059745789,0.9859320765943024,2.031453746592796e-06,9.40044701565057e-05,6.145592487882823e-05,0.00011038721277145669,0.9865114269739537,0.00027707431581802666
,,,,8.535888583166525,6.706498970743269e-05,0.9985473716121802,2.3634914192597914e-09,0.0,0.0,fixed-e5m2,,8.68952831736639e-05,0.0,2,0.0,2000,plateau,0.8359577059745789,0.8412746829391737,1.3813158879836836e-05,0.00010704671876737848,9.604122897144407e-05,7.264078158186749e-05,0.846413674235825,0.0016154637560248375
,,,,8.705141291953623,4.8165642510866746e-05,0.9986683103083098,6.695796956214505e-10,0.0,0.0,fixed-hybrid,,5.868952907633242e-05,0.0,2,0.0,2000,plateau,0.8359577059745789,0.9876207387079304,7.299447086410091e-07,3.640479189925827e-05,5.282366691972129e-05,4.9061964091379195e-05,0.9903065930705636,8.93015821930021e-05
,,,,8.847813833039254,1.4409493815037422e-05,0.9999274539505496,3.0313868230985095e-12,0.019300991131977047,0.0056172090116888285,calibrated,,4.949520392067604e-05,0.0,2,0.0056172090116888285,2000,plateau,0.8359577059745789,0.8030378827106281,1.2766650835598046e-06,2.1487143385456875e-05,0.00015454857202712446,4.137589712627232e-05,0.8032447147441261,0.0001658510009292513
,,,,8.850270542083308,9.624591257306747e-06,0.9999287727046702,8.897504703155142e-12,0.02566510172143975,0.0056172090116888285,adaptive,,2.731871037019169e-05,0.10195139865390956,2,0.10756860766559839,2000,plateau,0.8359577059745789,-0.18727571281541286,5.654307941101586e-07,2.612365278764628e-05,7.828835805412382e-05,2.2837286451249383e-05,-0.1888243485033335,6.559450412169099e-05
,0.0002868443261831999,0.0097131556738168,1.727235054727852,1.488949374994263,,0.9999999999999967,0.0,0.0,0.0,fp32,,0.0010006693066864308,0.0,2,0.0,2000,detail,0.49235692620277405,0.9999999999999967,0.0,0.00073047581827268,,0.0004926864639855921,0.9999999999999967,0.0
,0.0007890765555202961,0.009210923444479704,2.328261717113777,8.415839083958417,,0.9996412749074216,9.776922678751324e-10,0.0,0.0,fixed-e4m3,,0.0014679928719746316,0.0,2,0.0,2000,detail,0.49235692620277405,-0.34686191907888125,5.442015008631484e-05,0.00047226162860170007,,0.0007227764581330121,-0.3473568054542181,0.0055367611348629
,0.0007060745265334845,0.009293925473466516,2.7912825693602437,7.805170415900648,,0.9985664215079527,1.5205421286311918e-08,0.0,0.0,fixed-e5m2,,0.0038521012630504765,0.0,2,0.0,2000,detail,0.49235692620277405,-0.28239370993767093,0.00011893730782882306,0.0008843240211717784,,0.0018966087372973561,-0.28177009911747347,0.011380437761545181
,0.0005761143984273076,0.009423885601572693,2.0042688109145264,8.957293125102296,,0.9985682097768261,2.8131215790809552e-08,0.0,0.0,fixed-hybrid,,0.0038403085698494326,0.0,2,0.0,2000,detail,0.49235692620277405,0.68825165081946,5.295775689719917e-05,0.001741174841299653,,0.0018908025231212378,0.6891412126922174,0.0034419631119817495
,0.0006537970621138811,0.009346202937886119,1.7000116703858987,8.619651665911078,,0.9999123225127374,1.0460390136086073e-08,0.040584246218049035,0.0075034580659121275,calibrated,,0.0009143916578890725,0.0,2,0.0075034580659121275,2000,detail,0.49235692620277405,0.7643679135683695,2.6863375273043282e-05,0.002106904983520508,,0.0004502070660237223,0.7643593142372721,0.0009222670341841877
,0.0008555109961889684,0.009144489003811032,3.4711011926851607,7.575292958179489,,0.9999136894246088,2.865271640918817e-09,0.029003651538862807,0.0075034580659121275,adaptive,,0.001358045721474809,0.09492187411524355,2,0.10242533218115568,2000,detail,0.49235692620277405,-0.33369888547180415,2.5199528638347104e-05,0.0009239172213710845,,0.0006686432170681655,-0.3336529752901488,0.0010100537911057472
0.0052955178543925285,,,,1.2824753338936716,,0.9999999999999997,0.0,0.0,0.0,fp32,0.0003481904277577996,0.09264662278323937,0.0,2,0.0,2000,bump,0.004668275360018015,0.9999999999999997,0.0,9.258450154447928e-05,,0.00043249994632788,0.9999999999999997,0.0
0.008856479078531265,,,,7.60645587509498,,0.9996608694658613,1.9763106519256662e-10,0.0,0.0,fixed-e4m3,0.00022918633476365358,0.08058814823275108,0.0,2,0.0,2000,bump,0.004668275360018015,-0.6509142190866246,1.6455268440582877e-06,0.0003026783524546772,,0.0003762076667044312,-0.6521462012580032,0.0004747886268887669
0.0039861248806118965,,,,7.973329749889672,,0.9990776379211905,1.6096045281956852e-09,0.0,0.0,fixed-e5m2,0.00012818734103348106,0.04154255354963494,0.0,2,0.0,2000,bump,0.004668275360018015,0.9131930181170356,3.086997536437163e-06,0.00013969765859656036,,0.0001939320791279897,0.9121183106482104,0.0009105780627578497
0.008209733292460442,,,,7.82909549982287,,0.9989413269590419,7.484025578472236e-10,0.0,0.0,fixed-hybrid,0.0002394888288108632,0.08039652191087422,0.0,2,0.0,2000,bump,0.004668275360018015,-0.5724452715741604,2.0642160195500334e-06,0.00034969509579241276,,0.00037531310226768255,-0.571479928915022,0.00026845940737985075
0.006354666780680418,,,,7.577913915971294,,0.9999309973325088,1.0746466103790214e-10,0.025143453312467395,0.005181125132367015,calibrated,0.00015479132707696408,0.055790628620619655,0.0,2,0.005181125132367015,2000,bump,0.004668275360018015,0.920947151099962,9.857548210192499e-08,0.0002067593450192362,,0.0002604460169095546,0.9201290427262011,0.00010910193668678403
0.006365128327161074,,,,8.203973083058372,,0.9999304438120895,2.5978704063617136e-10,0.028482003129890455,0.005181125132367015,adaptive,0.00023549333855044097,0.07282155591321535,0.09768688539043069,2,0.1028680105227977,2000,bump,0.004668275360018015,0.992562355999872,7.230158582554592e-07,0.0002910391194745898,,0.0003399510751478374,0.9924749026185694,8.463313861284405e-05
,,,,1.2717758330982178,,0.9999999999999984,0.0,0.0,0.0,fp32,,0.0013121328397732665,0.0,2,0.0,2000,composition,0.7234727740287781,0.9999999999999984,0.0,0.0005782825173810124,,0.0009492923854850233,0.9999999999999984,0.0
,,,,7.735581082990393,,0.9996427893250166,4.8223625395870615e-09,0.00010432968179447053,0.0,fixed-e4m3,,0.003051518265082829,0.0,2,0.0,2000,composition,0.7234727740287781,-0.007361531798830726,8.533223434998984e-05,0.00067035888787359,,0.0022076903842389584,-0.006614574360028795,0.003194179618731141
,,,,8.756578499916941,,0.9986173448510419,8.700834837093363e-08,0.0,0.0,fixed-e5m2,,0.002652355412566994,0.0,2,0.0,2000,composition,0.7234727740287781,-0.45370333260715023,0.0001316587042337657,0.002048186492174864,,0.0019189069280400872,-0.4556475491956972,0.009870334528386593
,,,,8.758987416978925,,0.9986330606979399,1.0875337094623556e-08,0.0,0.0,fixed-hybrid,,0.004248084958805338,0.0,2,0.0,2000,composition,0.7234727740287781,-0.040416766917040846,1.7813451200689133e-05,0.0009325986029580235,,0.0030733738094568253,-0.04124284636393026,0.0013902188511565328
,,,,8.594678916968405,,0.9999106543114165,5.024790013756059e-09,0.042462180490349506,0.00540133286267519,calibrated,,0.0005388030966272553,0.0,2,0.00540133286267519,2000,composition,0.7234727740287781,0.788466365288651,2.8307526018284915e-05,0.0009023342281579971,,0.00038980937097221613,0.7885920721235984,0.001089018420316279
,,,,8.765322250081226,,0.9999147004904217,2.2030620361124654e-09,0.024413145539906103,0.00540133286267519,adaptive,,0.0019052942829023635,0.10213000443764031,2,0.1075313373003155,2000,composition,0.7234727740287781,-0.5557053766773428,5.0774188455578635e-05,0.0007072403095662594,,0.0013784285401925445,-0.555147007964373,0.001578279072418809
