arrays_that_changed,clipped_count,e3m4_element_fraction,e3m4_final_arrays,e3m4_initial_arrays,e4m3_element_fraction,e4m3_final_arrays,e4m3_initial_arrays,e5m2_element_fraction,e5m2_final_arrays,e5m2_initial_arrays,format_switches,kind,mean_squared_rounding_error,mode,quantized_elements,reselection_opportunities,scale_max,scale_min,seed,target,zeroed_fraction
0,0,0.0,0,0,1.0,16,16,0.0,0,0,0,weight,7.85706587873587e-06,fixed-e4m3,19170000,0,0.001953125,0.00048828125,0,linear,2.556077203964528e-06
0,0,0.0,0,0,1.0,16,16,0.0,0,0,0,gradient,2.8029653295667615e-11,fixed-e4m3,19170000,0,0.0001220703125,1.862645149230957e-09,0,linear,6.108502869066249e-05
0,0,0.0,0,0,0.0,0,0,1.0,16,16,0,weight,3.1173253054738054e-05,fixed-e5m2,19170000,0,1.52587890625e-05,3.814697265625e-06,0,linear,0.0
0,0,0.0,0,0,0.0,0,0,1.0,16,16,0,gradient,1.1156564444665577e-10,fixed-e5m2,19170000,0,1.9073486328125e-06,1.4551915228366852e-11,0,linear,0.0
0,0,0.0,0,0,1.0,16,16,0.0,0,0,0,weight,7.866953437745386e-06,fixed-hybrid,19170000,0,0.001953125,0.00048828125,0,linear,3.129890453834116e-06
0,0,0.0,0,0,0.0,0,0,1.0,16,16,0,gradient,1.7383081983188352e-10,fixed-hybrid,19170000,0,9.5367431640625e-07,7.275957614183426e-12,0,linear,0.0
0,0,0.9998956703182055,15,15,0.00010432968179447053,1,1,0.0,0,0,0,weight,1.896077623192952e-06,calibrated,19170000,0,0.0625,0.00048828125,0,linear,0.000650339071465832
0,0,1.0,16,16,0.0,0,0,0.0,0,0,0,gradient,1.8757299933887664e-12,calibrated,19170000,0,0.001953125,1.4901161193847656e-08,0,linear,0.012160876369327073
0,0,0.9998956703182055,15,15,0.00010432968179447053,1,1,0.0,0,0,0,weight,1.8960773600922914e-06,adaptive,19170000,304,0.0625,0.00048828125,0,linear,0.000650339071465832
1,0,0.9999582681272822,16,16,4.173187271778821e-05,0,0,0.0,0,0,10,gradient,1.9221774583552786e-12,adaptive,19170000,304,0.001953125,3.725290298461914e-09,0,linear,0.012160876369327073
0,0,0.0,0,0,1.0,16,16,0.0,0,0,0,weight,8.047183429086937e-06,fixed-e4m3,19170000,0,0.001953125,0.00048828125,0,kink,3.860198226395409e-06
0,0,0.0,0,0,1.0,16,16,0.0,0,0,0,gradient,2.9092021141843642e-11,fixed-e4m3,19170000,0,0.000244140625,4.656612873077393e-10,0,kink,0.00015138236828377675
0,0,0.0,0,0,0.0,0,0,1.0,16,16,0,weight,3.234145734359418e-05,fixed-e5m2,19170000,0,1.52587890625e-05,3.814697265625e-06,0,kink,0.0
0,0,0.0,0,0,0.0,0,0,1.0,16,16,0,gradient,2.640258910570329e-10,fixed-e5m2,19170000,0,1.9073486328125e-06,3.637978807091713e-12,0,kink,3.2342201356285863e-06
0,0,0.0,0,0,1.0,16,16,0.0,0,0,0,weight,8.047078321486821e-06,fixed-hybrid,19170000,0,0.001953125,0.00048828125,0,kink,5.3729786124152325e-06
0,0,0.0,0,0,0.0,0,0,1.0,16,16,0,gradient,1.0530564036916437e-10,fixed-hybrid,19170000,0,1.9073486328125e-06,9.094947017729282e-13,0,kink,0.0
0,0,0.9998956703182055,15,15,0.00010432968179447053,1,1,0.0,0,0,0,weight,2.0010014508489235e-06,calibrated,19170000,0,0.0625,0.00048828125,0,kink,0.0009293166405842463
0,0,0.9998956703182055,15,15,0.00010432968179447053,1,1,0.0,0,0,0,gradient,1.2436733941976336e-11,calibrated,19170000,0,0.0078125,7.450580596923828e-09,0,kink,0.017316066770996348
1,0,0.9999947835159103,16,15,5.216484089723526e-06,0,1,0.0,0,0,1,weight,2.001804399176961e-06,adaptive,19170000,304,0.0625,0.00048828125,0,kink,0.0009508085550339071
1,0,0.9999582681272822,16,15,4.173187271778821e-05,0,1,0.0,0,0,7,gradient,1.2021997104176118e-11,adaptive,19170000,304,0.0078125,2.3283064365386963e-10,0,kink,0.016648148148148148
0,0,0.0,0,0,1.0,16,16,0.0,0,0,0,weight,8.520475987287237e-06,fixed-e4m3,19170000,0,0.001953125,0.00048828125,0,plateau,6.259780907668232e-06
0,0,0.0,0,0,1.0,16,16,0.0,0,0,0,gradient,1.0012821842188365e-09,fixed-e4m3,19170000,0,0.00048828125,3.725290298461914e-09,0,plateau,0.00019389671361502348
0,0,0.0,0,0,0.0,0,0,1.0,16,16,0,weight,3.241412335708825e-05,fixed-e5m2,19170000,0,1.52587890625e-05,3.814697265625e-06,0,plateau,0.0
0,0,0.0,0,0,0.0,0,0,1.0,16,16,0,gradient,5.0708612761261266e-09,fixed-e5m2,19170000,0,7.62939453125e-06,2.9103830456733704e-11,0,plateau,2.0865936358894106e-07
0,0,0.0,0,0,1.0,16,16,0.0,0,0,0,weight,8.494577152688548e-06,fixed-hybrid,19170000,0,0.001953125,0.00048828125,0,plateau,5.84246218049035e-06
0,0,0.0,0,0,0.0,0,0,1.0,16,16,0,gradient,3.878862063629425e-09,fixed-hybrid,19170000,0,3.814697265625e-06,5.820766091346741e-11,0,plateau,5.2164840897235266e-08
0,0,0.9998956703182055,15,15,0.00010432968179447053,1,1,0.0,0,0,0,weight,1.977392279525649e-06,calibrated,19170000,0,0.0625,0.00048828125,0,plateau,0.0009669274908711529
0,0,0.9998956703182055,15,15,0.00010432968179447053,1,1,0.0,0,0,0,gradient,2.103756386077112e-10,calibrated,19170000,0,0.015625,2.9802322387695312e-08,0,plateau,0.017322326551904018
0,0,0.9998956703182055,15,15,0.00010432968179447053,1,1,0.0,0,0,0,weight,1.9773605028840796e-06,adaptive,19170000,304,0.0625,0.00048828125,0,plateau,0.0009669274908711529
1,0,0.9999321857068336,16,15,6.781429316640584e-05,0,1,0.0,0,0,9,gradient,2.0819156723224914e-10,adaptive,19170000,304,0.015625,2.9802322387695312e-08,0,plateau,0.017322326551904018
0,0,0.0,0,0,1.0,16,16,0.0,0,0,0,weight,9.68873632992105e-06,fixed-e4m3,19170000,0,0.001953125,0.00048828125,0,detail,5.738132498695879e-06
0,0,0.0,0,0,1.0,16,16,0.0,0,0,0,gradient,3.79359030382844e-08,fixed-e4m3,19170000,0,0.00390625,1.4901161193847656e-08,0,detail,0.00010359937402190924
0,0,0.0,0,0,0.0,0,0,1.0,16,16,0,weight,3.899492217038606e-05,fixed-e5m2,19170000,0,1.52587890625e-05,3.814697265625e-06,0,detail,0.0
0,0,0.0,0,0,0.0,0,0,1.0,16,16,0,gradient,1.6722090134913618e-07,fixed-e5m2,19170000,0,3.0517578125e-05,3.637978807091713e-12,0,detail,6.259780907668231e-07
0,0,0.0,0,0,1.0,16,16,0.0,0,0,0,weight,9.641115774897544e-06,fixed-hybrid,19170000,0,0.001953125,0.00048828125,0,detail,5.738132498695879e-06
0,0,0.0,0,0,0.0,0,0,1.0,16,16,0,gradient,1.463605783947454e-07,fixed-hybrid,19170000,0,3.0517578125e-05,2.3283064365386963e-10,0,detail,0.0
0,0,1.0,16,16,0.0,0,0,0.0,0,0,0,weight,2.4118833502439172e-06,calibrated,19170000,0,0.0625,0.015625,0,detail,0.001251434533124674
0,0,0.9998956703182055,15,15,0.00010432968179447053,1,1,0.0,0,0,0,gradient,9.839939372905586e-09,calibrated,19170000,0,0.0625,1.1920928955078125e-07,0,detail,0.017127230046948355
0,0,1.0,16,16,0.0,0,0,0.0,0,0,0,weight,2.400126282940631e-06,adaptive,19170000,304,0.0625,0.015625,0,detail,0.0011423056859676578
1,0,0.9999478351591028,16,15,5.2164840897235264e-05,0,1,0.0,0,0,9,gradient,9.21281323643017e-09,adaptive,19170000,304,0.0625,2.384185791015625e-07,0,detail,0.01587657798643714
0,0,0.0,0,0,1.0,16,16,0.0,0,0,0,weight,8.610699196888146e-06,fixed-e4m3,19170000,0,0.001953125,0.00048828125,0,bump,6.885758998435055e-06
0,0,0.0,0,0,1.0,16,16,0.0,0,0,0,gradient,6.330506061346887e-10,fixed-e4m3,19170000,0,0.00048828125,3.725290298461914e-09,0,bump,0.0001569640062597809
0,0,0.0,0,0,0.0,0,0,1.0,16,16,0,weight,3.5203488681083475e-05,fixed-e5m2,19170000,0,1.52587890625e-05,3.814697265625e-06,0,bump,0.0
0,0,0.0,0,0,0.0,0,0,1.0,16,16,0,gradient,2.549985000641843e-09,fixed-e5m2,19170000,0,3.814697265625e-06,1.4551915228366852e-11,0,bump,1.773604590505999e-06
0,0,0.0,0,0,1.0,16,16,0.0,0,0,0,weight,8.55664613647487e-06,fixed-hybrid,19170000,0,0.001953125,0.00048828125,0,bump,6.207616066770997e-06
0,0,0.0,0,0,0.0,0,0,1.0,16,16,0,gradient,2.5105458939694126e-09,fixed-hybrid,19170000,0,3.814697265625e-06,1.4551915228366852e-11,0,bump,1.0432968179447053e-07
0,0,1.0,16,16,0.0,0,0,0.0,0,0,0,weight,2.177135724135237e-06,calibrated,19170000,0,0.0625,0.015625,0,bump,0.0015275952008346374
0,0,1.0,16,16,0.0,0,0,0.0,0,0,0,gradient,1.4809338474193672e-10,calibrated,19170000,0,0.015625,4.76837158203125e-07,0,bump,0.02253865414710485
0,0,1.0,16,16,0.0,0,0,0.0,0,0,0,weight,2.177099996437698e-06,adaptive,19170000,304,0.0625,0.015625,0,bump,0.0015275952008346374
1,0,0.9999687010954617,16,16,3.129890453834116e-05,0,0,0.0,0,0,8,gradient,1.5210373255724687e-10,adaptive,19170000,304,0.015625,1.1920928955078125e-07,0,bump,0.02253865414710485
0,0,0.0,0,0,1.0,16,16,0.0,0,0,0,weight,9.279541401941296e-06,fixed-e4m3,19170000,0,0.001953125,0.00048828125,0,composition,6.93792383933229e-06
0,0,0.0,0,0,1.0,16,16,0.0,0,0,0,gradient,5.95134301722544e-08,fixed-e4m3,19170000,0,0.001953125,1.862645149230957e-09,0,composition,0.0001472091810119979
0,0,0.0,0,0,0.0,0,0,1.0,16,16,0,weight,3.889070072029744e-05,fixed-e5m2,19170000,0,3.0517578125e-05,3.814697265625e-06,0,composition,0.0
0,0,0.0,0,0,0.0,0,0,1.0,16,16,0,gradient,2.5974074713294905e-07,fixed-e5m2,19170000,0,3.0517578125e-05,2.3283064365386963e-10,0,composition,3.6515388628064687e-07
0,0,0.0,0,0,1.0,16,16,0.0,0,0,0,weight,9.224320997647832e-06,fixed-hybrid,19170000,0,0.00390625,0.00048828125,0,composition,6.259780907668232e-06
0,0,0.0,0,0,0.0,0,0,1.0,16,16,0,gradient,2.2656197290839746e-07,fixed-hybrid,19170000,0,3.0517578125e-05,2.3283064365386963e-10,0,composition,0.0
0,0,1.0,16,16,0.0,0,0,0.0,0,0,0,weight,2.387781261677987e-06,calibrated,19170000,0,0.0625,0.015625,0,composition,0.0014833072509128848
0,0,1.0,16,16,0.0,0,0,0.0,0,0,0,gradient,1.4412887410245395e-08,calibrated,19170000,0,0.0625,1.9073486328125e-06,0,composition,0.023501199791340636
1,0,0.9999374021909233,15,16,6.259780907668232e-05,1,0,0.0,0,0,3,weight,2.385772779072632e-06,adaptive,19170000,304,0.0625,0.00048828125,0,composition,0.0016377673448095982
1,0,0.9999478351591028,16,16,5.2164840897235264e-05,0,0,0.0,0,0,10,gradient,1.5121105523642343e-08,adaptive,19170000,304,0.0625,2.384185791015625e-07,0,composition,0.024508189880020865
0,0,0.0,0,0,1.0,16,16,0.0,0,0,0,weight,7.589062578454722e-06,fixed-e4m3,19170000,0,0.001953125,0.000244140625,1,linear,4.173187271778821e-06
0,0,0.0,0,0,1.0,16,16,0.0,0,0,0,gradient,1.965446653490359e-11,fixed-e4m3,19170000,0,0.0001220703125,9.313225746154785e-10,1,linear,0.00012029212310902451
0,0,0.0,0,0,0.0,0,0,1.0,16,16,0,weight,3.078616596720446e-05,fixed-e5m2,19170000,0,1.52587890625e-05,1.9073486328125e-06,1,linear,0.0
0,0,0.0,0,0,0.0,0,0,1.0,16,16,0,gradient,1.563382757785048e-10,fixed-e5m2,19170000,0,9.5367431640625e-07,9.094947017729282e-13,1,linear,5.2164840897235266e-08
0,0,0.0,0,0,1.0,16,16,0.0,0,0,0,weight,7.583071413503873e-06,fixed-hybrid,19170000,0,0.001953125,0.000244140625,1,linear,2.5039123630672925e-06
0,0,0.0,0,0,0.0,0,0,1.0,16,16,0,gradient,5.73333748147397e-11,fixed-hybrid,19170000,0,9.5367431640625e-07,7.275957614183426e-12,1,linear,5.2164840897235266e-08
0,0,1.0,16,16,0.0,0,0,0.0,0,0,0,weight,1.8860995344718355e-06,calibrated,19170000,0,0.0625,0.0078125,1,linear,0.0011064684402712572
0,0,0.9998956703182055,15,15,0.00010432968179447053,1,1,0.0,0,0,0,gradient,3.492003693881233e-12,calibrated,19170000,0,0.00390625,7.450580596923828e-09,1,linear,0.018459728742827336
0,0,1.0,16,16,0.0,0,0,0.0,0,0,0,weight,1.8861023637868358e-06,adaptive,19170000,304,0.0625,0.0078125,1,linear,0.0011064684402712572
1,0,0.9999478351591028,15,15,5.2164840897235264e-05,1,1,0.0,0,0,12,gradient,3.4265267556500766e-12,adaptive,19170000,304,0.00390625,7.450580596923828e-09,1,linear,0.018459728742827336
0,0,0.0,0,0,1.0,16,16,0.0,0,0,0,weight,7.880367604070145e-06,fixed-e4m3,19170000,0,0.001953125,0.000244140625,1,kink,2.8169014084507042e-06
0,0,0.0,0,0,1.0,16,16,0.0,0,0,0,gradient,1.382760571579631e-10,fixed-e4m3,19170000,0,0.0001220703125,9.313225746154785e-10,1,kink,0.0001976004173187272
0,0,0.0,0,0,0.0,0,0,1.0,16,16,0,weight,3.1410289171015725e-05,fixed-e5m2,19170000,0,1.52587890625e-05,1.9073486328125e-06,1,kink,0.0
0,0,0.0,0,0,0.0,0,0,1.0,16,16,0,gradient,8.830747223853775e-10,fixed-e5m2,19170000,0,1.9073486328125e-06,3.637978807091713e-12,1,kink,1.7892540427751694e-05
0,0,0.0,0,0,1.0,16,16,0.0,0,0,0,weight,7.915372999599196e-06,fixed-hybrid,19170000,0,0.001953125,0.000244140625,1,kink,3.182055294731351e-06
0,0,0.0,0,0,0.0,0,0,1.0,16,16,0,gradient,4.882841262671337e-10,fixed-hybrid,19170000,0,1.9073486328125e-06,7.275957614183426e-12,1,kink,0.0
0,0,0.9998956703182055,15,15,0.00010432968179447053,1,1,0.0,0,0,0,weight,1.8820913717571256e-06,calibrated,19170000,0,0.0625,0.000244140625,1,kink,0.0007488784559207094
0,0,1.0,16,16,0.0,0,0,0.0,0,0,0,gradient,2.5523754336459235e-11,calibrated,19170000,0,0.0078125,1.1920928955078125e-07,1,kink,0.013151434533124675
0,0,0.9998956703182055,15,15,0.00010432968179447053,1,1,0.0,0,0,0,weight,1.8820573787021566e-06,adaptive,19170000,304,0.0625,0.000244140625,1,kink,0.0007488784559207094
1,0,0.9999478351591028,16,16,5.2164840897235264e-05,0,0,0.0,0,0,10,gradient,2.8002065648295848e-11,adaptive,19170000,304,0.00390625,2.9802322387695312e-08,1,kink,0.013151434533124675
0,0,0.0,0,0,1.0,16,16,0.0,0,0,0,weight,8.002608797672602e-06,fixed-e4m3,19170000,0,0.001953125,0.000244140625,1,plateau,6.468440271257173e-06
0,0,0.0,0,0,1.0,16,16,0.0,0,0,0,gradient,8.548247118764458e-10,fixed-e4m3,19170000,0,0.00048828125,4.656612873077393e-10,1,plateau,7.918622848200313e-05
0,0,0.0,0,0,0.0,0,0,1.0,16,16,0,weight,3.158548174498152e-05,fixed-e5m2,19170000,0,1.52587890625e-05,1.9073486328125e-06,1,plateau,0.0
0,0,0.0,0,0,0.0,0,0,1.0,16,16,0,gradient,4.2304205508616845e-09,fixed-e5m2,19170000,0,7.62939453125e-06,5.820766091346741e-11,1,plateau,0.0
0,0,0.0,0,0,1.0,16,16,0.0,0,0,0,weight,8.001253497288976e-06,fixed-hybrid,19170000,0,0.001953125,0.000244140625,1,plateau,6.364110589462702e-06
0,0,0.0,0,0,0.0,0,0,1.0,16,16,0,gradient,2.8285619315821096e-09,fixed-hybrid,19170000,0,3.814697265625e-06,1.4551915228366852e-11,1,plateau,0.0
0,0,1.0,16,16,0.0,0,0,0.0,0,0,0,weight,2.091627272356649e-06,calibrated,19170000,0,0.0625,0.0078125,1,plateau,0.0012160146061554512
0,0,1.0,16,16,0.0,0,0,0.0,0,0,0,gradient,1.9013341228155496e-10,calibrated,19170000,0,0.015625,1.1920928955078125e-07,1,plateau,0.017179968701095463
0,0,1.0,16,16,0.0,0,0,0.0,0,0,0,weight,2.0916108190971076e-06,adaptive,19170000,304,0.0625,0.0078125,1,plateau,0.0012160146061554512
1,0,0.999942618675013,15,16,5.738132498695879e-05,1,0,0.0,0,0,11,gradient,1.92863981796954e-10,adaptive,19170000,304,0.015625,5.960464477539063e-08,1,plateau,0.017179968701095463
0,0,0.0,0,0,1.0,16,16,0.0,0,0,0,weight,8.924888871953799e-06,fixed-e4m3,19170000,0,0.001953125,0.000244140625,1,detail,5.685967657798644e-06
0,0,0.0,0,0,1.0,16,16,0.0,0,0,0,gradient,1.8859858226689246e-08,fixed-e4m3,19170000,0,0.001953125,2.9802322387695312e-08,1,detail,0.00016572769953051642
0,0,0.0,0,0,0.0,0,0,1.0,16,16,0,weight,3.76087707001385e-05,fixed-e5m2,19170000,0,1.52587890625e-05,1.9073486328125e-06,1,detail,0.0
0,0,0.0,0,0,0.0,0,0,1.0,16,16,0,gradient,8.50326280971218e-08,fixed-e5m2,19170000,0,1.52587890625e-05,5.820766091346741e-11,1,detail,0.0
0,0,0.0,0,0,1.0,16,16,0.0,0,0,0,weight,8.860757937472726e-06,fixed-hybrid,19170000,0,0.001953125,0.000244140625,1,detail,6.885758998435055e-06
0,0,0.0,0,0,0.0,0,0,1.0,16,16,0,gradient,7.042436341236121e-08,fixed-hybrid,19170000,0,1.52587890625e-05,1.4551915228366852e-11,1,detail,0.0
0,0,1.0,16,16,0.0,0,0,0.0,0,0,0,weight,2.3236843516359205e-06,calibrated,19170000,0,0.0625,0.0078125,1,detail,0.002186176317162233
0,0,0.9998956703182055,15,15,0.00010432968179447053,1,1,0.0,0,0,0,gradient,4.611243809560887e-09,calibrated,19170000,0,0.0625,7.450580596923828e-09,1,detail,0.020386750130412103
0,0,1.0,16,16,0.0,0,0,0.0,0,0,0,weight,2.3235725529105024e-06,adaptive,19170000,304,0.0625,0.0078125,1,detail,0.0021657798643714135
1,0,0.9999374021909233,15,15,6.259780907668232e-05,1,1,0.0,0,0,8,gradient,4.550438728047961e-09,adaptive,19170000,304,0.0625,7.450580596923828e-09,1,detail,0.020432550860719875
0,0,0.0,0,0,1.0,16,16,0.0,0,0,0,weight,8.080714313940814e-06,fixed-e4m3,19170000,0,0.001953125,0.000244140625,1,bump,4.95565988523735e-06
0,0,0.0,0,0,1.0,16,16,0.0,0,0,0,gradient,6.29360980201116e-10,fixed-e4m3,19170000,0,0.00048828125,9.313225746154785e-10,1,bump,0.0003925925925925926
0,0,0.0,0,0,0.0,0,0,1.0,16,16,0,weight,3.337037042199203e-05,fixed-e5m2,19170000,0,1.52587890625e-05,1.9073486328125e-06,1,bump,0.0
0,0,0.0,0,0,0.0,0,0,1.0,16,16,0,gradient,2.7842972608142714e-09,fixed-e5m2,19170000,0,3.814697265625e-06,2.9103830456733704e-11,1,bump,3.2863849765258217e-06
0,0,0.0,0,0,1.0,16,16,0.0,0,0,0,weight,8.09940930351774e-06,fixed-hybrid,19170000,0,0.001953125,0.000244140625,1,bump,5.216484089723526e-06
0,0,0.0,0,0,0.0,0,0,1.0,16,16,0,gradient,2.6222036895976312e-09,fixed-hybrid,19170000,0,3.814697265625e-06,3.637978807091713e-12,1,bump,4.694835680751174e-07
0,0,0.9998956703182055,15,15,0.00010432968179447053,1,1,0.0,0,0,0,weight,1.9889428673172442e-06,calibrated,19170000,0,0.0625,0.000244140625,1,bump,0.0017014606155451226
0,0,0.9998956703182055,15,15,0.00010432968179447053,1,1,0.0,0,0,0,gradient,1.6838358323645754e-10,calibrated,19170000,0,0.0078125,7.450580596923828e-09,1,bump,0.020256494522691706
1,0,0.9999165362545644,16,15,8.346374543557642e-05,0,1,0.0,0,0,1,weight,1.9895684925868677e-06,adaptive,19170000,304,0.0625,0.000244140625,1,bump,0.0016828377673448096
1,0,0.9999374021909233,15,15,6.259780907668232e-05,1,1,0.0,0,0,10,gradient,1.6532434082417332e-10,adaptive,19170000,304,0.0078125,2.9802322387695312e-08,1,bump,0.020161450182576944
0,0,0.0,0,0,1.0,16,16,0.0,0,0,0,weight,9.347291572175453e-06,fixed-e4m3,19170000,0,0.001953125,0.000244140625,1,composition,7.042253521126761e-06
0,0,0.0,0,0,1.0,16,16,0.0,0,0,0,gradient,3.1009311632276664e-08,fixed-e4m3,19170000,0,0.001953125,7.450580596923828e-09,1,composition,9.739175795513823e-05
0,0,0.0,0,0,0.0,0,0,1.0,16,16,0,weight,3.790964589322082e-05,fixed-e5m2,19170000,0,1.52587890625e-05,1.9073486328125e-06,1,composition,0.0
0,0,0.0,0,0,0.0,0,0,1.0,16,16,0,gradient,1.2562800353741827e-07,fixed-e5m2,19170000,0,1.52587890625e-05,2.3283064365386963e-10,1,composition,0.0
0,0,0.0,0,0,1.0,16,16,0.0,0,0,0,weight,9.315205215346592e-06,fixed-hybrid,19170000,0,0.001953125,0.000244140625,1,composition,6.93792383933229e-06
0,0,0.0,0,0,0.0,0,0,1.0,16,16,0,gradient,1.2435646789800435e-07,fixed-hybrid,19170000,0,1.52587890625e-05,9.313225746154785e-10,1,composition,0.0
0,0,0.9998956703182055,15,15,0.00010432968179447053,1,1,0.0,0,0,0,weight,2.317356725268199e-06,calibrated,19170000,0,0.0625,0.000244140625,1,composition,0.0016448617631716223
0,0,1.0,16,16,0.0,0,0,0.0,0,0,0,gradient,9.76836113085572e-09,calibrated,19170000,0,0.0625,4.76837158203125e-07,1,composition,0.015758841940532082
1,0,0.9999478351591028,16,15,5.2164840897235264e-05,0,1,0.0,0,0,1,weight,2.3130351284552066e-06,adaptive,19170000,304,0.0625,0.000244140625,1,composition,0.0016870109546165883
1,0,0.9999530516431925,16,16,4.694835680751174e-05,0,0,0.0,0,0,10,gradient,9.580900935904898e-09,adaptive,19170000,304,0.0625,5.960464477539063e-08,1,composition,0.015872143974960878
0,0,0.0,0,0,1.0,16,16,0.0,0,0,0,weight,7.494668528756547e-06,fixed-e4m3,19170000,0,0.001953125,0.0001220703125,2,linear,1.8779342723004696e-06
0,0,0.0,0,0,1.0,16,16,0.0,0,0,0,gradient,5.6421671907439135e-11,fixed-e4m3,19170000,0,0.000244140625,1.862645149230957e-09,2,linear,4.908711528429838e-05
0,0,0.0,0,0,0.0,0,0,1.0,16,16,0,weight,2.936561964964231e-05,fixed-e5m2,19170000,0,1.52587890625e-05,9.5367431640625e-07,2,linear,0.0
0,0,0.0,0,0,0.0,0,0,1.0,16,16,0,gradient,4.716740643813428e-10,fixed-e5m2,19170000,0,1.9073486328125e-06,1.4551915228366852e-11,2,linear,0.0
0,0,0.0,0,0,1.0,16,16,0.0,0,0,0,weight,7.501098204109961e-06,fixed-hybrid,19170000,0,0.001953125,0.0001220703125,2,linear,2.5039123630672925e-06
0,0,0.0,0,0,0.0,0,0,1.0,16,16,0,gradient,1.809115817920686e-10,fixed-hybrid,19170000,0,1.9073486328125e-06,1.4551915228366852e-11,2,linear,0.0
0,0,1.0,16,16,0.0,0,0,0.0,0,0,0,weight,1.930102798750953e-06,calibrated,19170000,0,0.0625,0.00390625,2,linear,0.0009849765258215962
0,0,1.0,16,16,0.0,0,0,0.0,0,0,0,gradient,1.2345360653882623e-11,calibrated,19170000,0,0.00390625,2.9802322387695312e-08,2,linear,0.012636254564423579
1,0,0.9999008868022953,15,16,9.9113197704747e-05,1,0,0.0,0,0,1,weight,1.930088456466844e-06,adaptive,19170000,304,0.0625,0.0001220703125,2,linear,0.0009849765258215962
1,0,0.999963484611372,16,16,3.6515388628064685e-05,0,0,0.0,0,0,10,gradient,1.2612872973389134e-11,adaptive,19170000,304,0.00390625,1.4901161193847656e-08,2,linear,0.012636254564423579
0,0,0.0,0,0,1.0,16,16,0.0,0,0,0,weight,7.619060355577676e-06,fixed-e4m3,19170000,0,0.001953125,0.0001220703125,2,kink,3.599374021909233e-06
0,0,0.0,0,0,1.0,16,16,0.0,0,0,0,gradient,9.549229728170933e-11,fixed-e4m3,19170000,0,0.00048828125,2.9103830456733704e-11,2,kink,5.852895148669796e-05
0,0,0.0,0,0,0.0,0,0,1.0,16,16,0,weight,3.126770464659338e-05,fixed-e5m2,19170000,0,1.52587890625e-05,9.5367431640625e-07,2,kink,0.0
0,0,0.0,0,0,0.0,0,0,1.0,16,16,0,gradient,3.6935805315458665e-10,fixed-e5m2,19170000,0,3.814697265625e-06,7.275957614183426e-12,2,kink,5.2164840897235266e-08
0,0,0.0,0,0,1.0,16,16,0.0,0,0,0,weight,7.575815098475182e-06,fixed-hybrid,19170000,0,0.001953125,0.0001220703125,2,kink,4.590505998956703e-06
0,0,0.0,0,0,0.0,0,0,1.0,16,16,0,gradient,3.254922824628652e-10,fixed-hybrid,19170000,0,3.814697265625e-06,7.275957614183426e-12,2,kink,0.0
0,0,1.0,16,16,0.0,0,0,0.0,0,0,0,weight,1.933608237749914e-06,calibrated,19170000,0,0.0625,0.00390625,2,kink,0.0010050599895670318
0,0,1.0,16,16,0.0,0,0,0.0,0,0,0,gradient,1.4297124820723824e-11,calibrated,19170000,0,0.015625,1.4901161193847656e-08,2,kink,0.015483307250912884
0,0,1.0,16,16,0.0,0,0,0.0,0,0,0,weight,1.9336060072898435e-06,adaptive,19170000,304,0.0625,0.00390625,2,kink,0.0010050599895670318
1,0,0.9999374021909233,16,16,6.259780907668232e-05,0,0,0.0,0,0,8,gradient,1.4740434814161485e-11,adaptive,19170000,304,0.015625,3.725290298461914e-09,2,kink,0.015483307250912884
0,0,0.0,0,0,1.0,16,16,0.0,0,0,0,weight,8.08181387024731e-06,fixed-e4m3,19170000,0,0.001953125,0.0001220703125,2,plateau,5.007824726134585e-06
0,0,0.0,0,0,1.0,16,16,0.0,0,0,0,gradient,1.4478843914006497e-09,fixed-e4m3,19170000,0,0.0009765625,4.656612873077393e-10,2,plateau,0.00044439227960354723
0,0,0.0,0,0,0.0,0,0,1.0,16,16,0,weight,3.220842618322004e-05,fixed-e5m2,19170000,0,1.52587890625e-05,9.5367431640625e-07,2,plateau,0.0
0,0,0.0,0,0,0.0,0,0,1.0,16,16,0,gradient,7.543606306945665e-09,fixed-e5m2,19170000,0,7.62939453125e-06,2.9103830456733704e-11,2,plateau,1.0432968179447053e-07
0,0,0.0,0,0,1.0,16,16,0.0,0,0,0,weight,8.117192786100955e-06,fixed-hybrid,19170000,0,0.001953125,0.0001220703125,2,plateau,3.6515388628064684e-06
0,0,0.0,0,0,0.0,0,0,1.0,16,16,0,gradient,5.131791635236399e-09,fixed-hybrid,19170000,0,7.62939453125e-06,1.4551915228366852e-11,2,plateau,1.6692749087115285e-06
0,0,0.9998956703182055,15,15,0.00010432968179447053,1,1,0.0,0,0,0,weight,2.0755853873077814e-06,calibrated,19170000,0,0.0625,0.0001220703125,2,plateau,0.0013065206051121544
0,0,0.9998956703182055,15,15,0.00010432968179447053,1,1,0.0,0,0,0,gradient,3.6876206345874324e-10,calibrated,19170000,0,0.015625,1.862645149230957e-09,2,plateau,0.016157798643714135
1,0,0.9999843505477308,15,15,1.564945226917058e-05,1,1,0.0,0,0,2,weight,2.077826524242896e-06,adaptive,19170000,304,0.0625,0.0001220703125,2,plateau,0.0013132498695878978
1,0,0.9999478351591028,15,15,5.2164840897235264e-05,1,1,0.0,0,0,8,gradient,3.519389483835976e-10,adaptive,19170000,304,0.015625,1.4901161193847656e-08,2,plateau,0.017406520605112153
0,0,0.0,0,0,1.0,16,16,0.0,0,0,0,weight,9.712809251375099e-06,fixed-e4m3,19170000,0,0.001953125,0.0001220703125,2,detail,7.303077725612937e-06
0,0,0.0,0,0,1.0,16,16,0.0,0,0,0,gradient,3.7115342015462476e-08,fixed-e4m3,19170000,0,0.001953125,2.9802322387695312e-08,2,detail,0.00013500260824204487
0,0,0.0,0,0,0.0,0,0,1.0,16,16,0,weight,3.7510854959557176e-05,fixed-e5m2,19170000,0,1.52587890625e-05,9.5367431640625e-07,2,detail,0.0
0,0,0.0,0,0,0.0,0,0,1.0,16,16,0,gradient,1.6064430513398276e-07,fixed-e5m2,19170000,0,1.52587890625e-05,1.4551915228366852e-11,2,detail,0.0
0,0,0.0,0,0,1.0,16,16,0.0,0,0,0,weight,9.666599189907615e-06,fixed-hybrid,19170000,0,0.001953125,0.0001220703125,2,detail,5.84246218049035e-06
0,0,0.0,0,0,0.0,0,0,1.0,16,16,0,gradient,1.3915330663135438e-07,fixed-hybrid,19170000,0,1.52587890625e-05,2.3283064365386963e-10,2,detail,5.2164840897235266e-08
0,0,0.9998956703182055,15,15,0.00010432968179447053,1,1,0.0,0,0,0,weight,2.408892604796424e-06,calibrated,19170000,0,0.0625,0.0001220703125,2,detail,0.0012224830464267083
0,0,0.9998956703182055,15,15,0.00010432968179447053,1,1,0.0,0,0,0,gradient,7.895518354542151e-09,calibrated,19170000,0,0.0625,2.9802322387695312e-08,2,detail,0.025465571205007826
1,0,0.9999165362545644,15,15,8.346374543557642e-05,1,1,0.0,0,0,6,weight,2.4012876280827892e-06,adaptive,19170000,304,0.0625,0.0001220703125,2,detail,0.0012287949921752739
1,0,0.9999478351591028,15,15,5.2164840897235264e-05,1,1,0.0,0,0,10,gradient,7.746741915396012e-09,adaptive,19170000,304,0.0625,5.960464477539063e-08,2,detail,0.023365206051121544
0,0,0.0,0,0,1.0,16,16,0.0,0,0,0,weight,8.580491295567794e-06,fixed-e4m3,19170000,0,0.001953125,0.0001220703125,2,bump,7.876890975482524e-06
0,0,0.0,0,0,1.0,16,16,0.0,0,0,0,gradient,6.674468024370674e-10,fixed-e4m3,19170000,0,0.00048828125,3.725290298461914e-09,2,bump,0.00026322378716744915
0,0,0.0,0,0,0.0,0,0,1.0,16,16,0,weight,3.454187475169847e-05,fixed-e5m2,19170000,0,1.52587890625e-05,9.5367431640625e-07,2,bump,0.0
0,0,0.0,0,0,0.0,0,0,1.0,16,16,0,gradient,3.774935240900873e-09,fixed-e5m2,19170000,0,7.62939453125e-06,1.8189894035458565e-12,2,bump,3.96452790818988e-06
0,0,0.0,0,0,1.0,16,16,0.0,0,0,0,weight,8.448411180100501e-06,fixed-hybrid,19170000,0,0.001953125,0.0001220703125,2,bump,5.3729786124152325e-06
0,0,0.0,0,0,0.0,0,0,1.0,16,16,0,gradient,3.115896245033483e-09,fixed-hybrid,19170000,0,7.62939453125e-06,1.1641532182693481e-10,2,bump,2.8169014084507042e-06
0,0,0.9998956703182055,15,15,0.00010432968179447053,1,1,0.0,0,0,0,weight,2.1730826697613654e-06,calibrated,19170000,0,0.0625,0.0001220703125,2,bump,0.0015125717266562338
0,0,0.9998956703182055,15,15,0.00010432968179447053,1,1,0.0,0,0,0,gradient,1.9318783593902784e-10,calibrated,19170000,0,0.015625,3.725290298461914e-09,2,bump,0.024147052686489305
1,0,0.999942618675013,15,15,5.738132498695879e-05,1,1,0.0,0,0,2,weight,2.1556074413458054e-06,adaptive,19170000,304,0.0625,0.0001220703125,2,bump,0.0017105372978612416
1,0,0.999942618675013,16,15,5.738132498695879e-05,0,1,0.0,0,0,9,gradient,1.5742325657062822e-10,adaptive,19170000,304,0.015625,1.4901161193847656e-08,2,bump,0.02378732394366197
0,0,0.0,0,0,1.0,16,16,0.0,0,0,0,weight,9.538401956599255e-06,fixed-e4m3,19170000,0,0.001953125,0.0001220703125,2,composition,6.729264475743349e-06
0,0,0.0,0,0,1.0,16,16,0.0,0,0,0,gradient,4.132902425738143e-08,fixed-e4m3,19170000,0,0.001953125,1.4901161193847656e-08,2,composition,0.0001633281168492436
0,0,0.0,0,0,0.0,0,0,1.0,16,16,0,weight,3.716297624133059e-05,fixed-e5m2,19170000,0,3.0517578125e-05,9.5367431640625e-07,2,composition,0.0
0,0,0.0,0,0,0.0,0,0,1.0,16,16,0,gradient,3.1265079138934155e-07,fixed-e5m2,19170000,0,1.52587890625e-05,5.820766091346741e-11,2,composition,8.346374543557643e-07
0,0,0.0,0,0,1.0,16,16,0.0,0,0,0,weight,9.610361943506587e-06,fixed-hybrid,19170000,0,0.001953125,0.0001220703125,2,composition,6.416275430359937e-06
0,0,0.0,0,0,0.0,0,0,1.0,16,16,0,gradient,1.7180389936860708e-07,fixed-hybrid,19170000,0,1.52587890625e-05,1.1641532182693481e-10,2,composition,1.7214397496087637e-06
0,0,0.9998956703182055,15,15,0.00010432968179447053,1,1,0.0,0,0,0,weight,2.3913417318950213e-06,calibrated,19170000,0,0.0625,0.0001220703125,2,composition,0.0019499739175795514
0,0,0.9998956703182055,15,15,0.00010432968179447053,1,1,0.0,0,0,0,gradient,1.3646448276149365e-08,calibrated,19170000,0,0.0625,2.384185791015625e-07,2,composition,0.027984089723526343
1,0,0.999942618675013,16,15,5.738132498695879e-05,0,1,0.0,0,0,5,weight,2.389060650323782e-06,adaptive,19170000,304,0.0625,0.0001220703125,2,composition,0.0018767866458007302
1,0,0.9999478351591028,16,15,5.2164840897235264e-05,0,1,0.0,0,0,9,gradient,1.3798704734435776e-08,adaptive,19170000,304,0.0625,5.960464477539063e-08,2,composition,0.025092123109024516
